CREATE DATABASE  IF NOT EXISTS `comp4911` /*!40100 DEFAULT CHARACTER SET utf8 */;
USE `comp4911`;
-- MySQL dump 10.13  Distrib 5.6.13, for osx10.6 (i386)
--
-- Host: localhost    Database: comp4911
-- ------------------------------------------------------
-- Server version	5.6.16

/*!40101 SET @OLD_CHARACTER_SET_CLIENT=@@CHARACTER_SET_CLIENT */;
/*!40101 SET @OLD_CHARACTER_SET_RESULTS=@@CHARACTER_SET_RESULTS */;
/*!40101 SET @OLD_COLLATION_CONNECTION=@@COLLATION_CONNECTION */;
/*!40101 SET NAMES utf8 */;
/*!40103 SET @OLD_TIME_ZONE=@@TIME_ZONE */;
/*!40103 SET TIME_ZONE='+00:00' */;
/*!40014 SET @OLD_UNIQUE_CHECKS=@@UNIQUE_CHECKS, UNIQUE_CHECKS=0 */;
/*!40014 SET @OLD_FOREIGN_KEY_CHECKS=@@FOREIGN_KEY_CHECKS, FOREIGN_KEY_CHECKS=0 */;
/*!40101 SET @OLD_SQL_MODE=@@SQL_MODE, SQL_MODE='NO_AUTO_VALUE_ON_ZERO' */;
/*!40111 SET @OLD_SQL_NOTES=@@SQL_NOTES, SQL_NOTES=0 */;

--
-- Dumping data for table `WorkPackageAssignment`
--

LOCK TABLES `WorkPackageAssignment` WRITE;
/*!40000 ALTER TABLE `WorkPackageAssignment` DISABLE KEYS */;
INSERT INTO `WorkPackageAssignment` VALUES (1629,'2014-01-02','','2014-05-15','\0',1,0,'A111222'),(1630,'2014-01-02','','2014-05-15','\0',2,0,'A111222'),(1631,'2014-01-02','','2014-05-15','\0',3,0,'A111222'),(1632,'2014-01-02','','2014-05-15','\0',4,0,'A111222'),(1633,'2014-01-02','','2014-05-15','\0',5,0,'A111222'),(1634,'2014-01-02','','2014-05-15','\0',6,0,'A111222'),(1635,'2014-01-02','','2014-05-15','\0',7,0,'A111222'),(1636,'2014-01-02','','2014-05-15','\0',8,0,'A111222'),(1637,'2014-02-06','','2014-04-12','\0',1,0,'B333222'),(1638,'2014-01-14','','2014-04-17','\0',1,0,'B333223'),(1639,'2014-01-14','','2014-04-17','\0',2,0,'B333223'),(1640,'2014-01-14','','2014-04-17','\0',3,0,'B333223'),(1641,'2014-01-14','','2014-04-17','\0',4,0,'B333223'),(1642,'2014-01-14','','2014-04-17','\0',5,0,'B333223'),(1643,'2014-01-14','','2014-04-17','\0',6,0,'B333223'),(1644,'2014-01-14','','2014-04-17','\0',7,0,'B333223'),(1645,'2014-01-14','','2014-04-17','\0',8,0,'B333223'),(1646,'2013-11-10','','2013-11-28','',3,0,'A333444'),(1647,'2014-11-12','','2014-12-08','',3,0,'C333222'),(1648,'2014-11-12','','2014-12-08','',3,0,'C333222'),(1649,'2014-02-12','','2014-12-08','\0',2,0,'A111110'),(1650,'2014-02-12','','2014-12-08','\0',2,0,'A111111'),(1651,'2014-02-12','','2014-12-08','\0',2,0,'A111112'),(1652,'2014-02-12','','2014-12-08','\0',2,0,'A111113'),(1653,'2014-02-12','','2014-12-08','\0',2,0,'A111114'),(1654,'2014-02-12','','2014-12-08','\0',2,0,'A111115'),(1655,'2014-02-12','','2014-12-08','\0',2,0,'A111116'),(1656,'2014-02-12','','2014-12-08','\0',2,0,'A111117'),(1657,'2014-02-12','','2014-12-08','\0',2,0,'A111118'),(1658,'2014-02-12','','2014-12-08','\0',2,0,'A111119'),(1659,'2014-02-12','','2014-12-08','\0',2,0,'A222210'),(1660,'2014-02-12','','2014-12-08','\0',2,0,'A222211'),(1661,'2014-02-12','','2014-12-08','\0',2,0,'A222212'),(1662,'2014-02-12','','2014-12-08','\0',2,0,'A222213'),(1663,'2014-02-12','','2014-12-08','\0',2,0,'A222214'),(1664,'2014-02-12','','2014-12-08','\0',2,0,'A222215'),(1665,'2014-02-12','','2014-12-08','\0',2,0,'A222216'),(1666,'2014-02-12','','2014-12-08','\0',2,0,'A222217'),(1667,'2014-02-12','','2014-12-08','\0',2,0,'A222218'),(1668,'2014-02-12','','2014-12-08','\0',2,0,'A222219'),(1669,'2014-02-12','','2014-12-08','\0',2,0,'A222220'),(1670,'2014-02-12','','2014-12-08','\0',2,0,'A222221'),(1671,'2014-02-12','','2014-12-08','\0',2,0,'A222222'),(1672,'2014-02-12','','2014-12-08','\0',2,0,'A222223'),(1673,'2014-02-12','','2014-12-08','\0',2,0,'A222224'),(1674,'2014-02-12','','2014-12-08','\0',2,0,'A222225'),(1675,'2014-02-12','','2014-12-08','\0',2,0,'A222226'),(1676,'2014-02-12','','2014-12-08','\0',2,0,'A222227'),(1677,'2014-02-12','','2014-12-08','\0',2,0,'A222228'),(1678,'2014-02-12','','2014-12-08','\0',2,0,'A222229'),(1679,'2014-02-12','','2014-12-08','\0',2,0,'A222230'),(1680,'2014-02-12','','2014-12-08','\0',2,0,'A222231'),(1681,'2014-02-12','','2014-12-08','\0',2,0,'A222232'),(1682,'2014-02-12','','2014-12-08','\0',2,0,'A222233'),(1683,'2014-02-12','','2014-12-08','\0',2,0,'A222234'),(1684,'2014-02-12','','2014-12-08','\0',2,0,'A222235'),(1685,'2014-02-12','','2014-12-08','\0',2,0,'A222236'),(1686,'2014-02-12','','2014-12-08','\0',2,0,'A222237'),(1687,'2014-02-12','','2014-12-08','\0',2,0,'A222238'),(1688,'2014-02-12','','2014-12-08','\0',2,0,'A222239'),(1689,'2014-02-12','','2014-12-08','\0',2,0,'A222240'),(1690,'2014-02-12','','2014-12-08','\0',2,0,'A222241'),(1691,'2014-02-12','','2014-12-08','\0',2,0,'A222242'),(1692,'2014-02-12','','2014-12-08','\0',2,0,'A222243'),(1693,'2014-02-12','','2014-12-08','\0',2,0,'A222244'),(1694,'2014-02-12','','2014-12-08','\0',2,0,'A222245'),(1695,'2014-02-12','','2014-12-08','\0',2,0,'A222246'),(1696,'2014-02-12','','2014-12-08','\0',2,0,'A222247'),(1697,'2014-02-12','','2014-12-08','\0',2,0,'A222248'),(1698,'2014-02-12','','2014-12-08','\0',2,0,'A222249'),(1699,'2014-02-12','','2014-12-08','\0',2,0,'A222250'),(1700,'2014-02-12','','2014-12-08','\0',2,0,'A222251'),(1701,'2014-02-12','','2014-12-08','\0',2,0,'A222252'),(1702,'2014-02-12','','2014-12-08','\0',2,0,'A222253'),(1703,'2014-02-12','','2014-12-08','\0',2,0,'A222254'),(1704,'2014-02-12','','2014-12-08','\0',2,0,'A222255'),(1705,'2014-02-12','','2014-12-08','\0',2,0,'A222256'),(1706,'2014-02-12','','2014-12-08','\0',2,0,'A222257'),(1707,'2014-02-12','','2014-12-08','\0',2,0,'A222258'),(1708,'2014-02-12','','2014-12-08','\0',2,0,'A222259'),(1709,'2014-02-12','','2014-12-08','\0',2,0,'A222260'),(1710,'2014-02-12','','2014-12-08','\0',2,0,'A222261'),(1711,'2014-02-12','','2014-12-08','\0',2,0,'A222262'),(1712,'2014-02-12','','2014-12-08','\0',2,0,'A222263'),(1713,'2014-02-12','','2014-12-08','\0',2,0,'A222264'),(1714,'2014-02-12','','2014-12-08','\0',2,0,'A222265'),(1715,'2014-02-12','','2014-12-08','\0',2,0,'A222266'),(1716,'2014-02-12','','2014-12-08','\0',2,0,'A222267'),(1717,'2014-02-12','','2014-12-08','\0',2,0,'A222268'),(1718,'2014-02-12','','2014-12-08','\0',2,0,'A222269'),(1719,'2014-02-12','','2014-12-08','\0',2,0,'A222270'),(1720,'2014-02-12','','2014-12-08','\0',2,0,'A222271'),(1721,'2014-02-12','','2014-12-08','\0',2,0,'A222272'),(1722,'2014-02-12','','2014-12-08','\0',2,0,'A222273'),(1723,'2014-02-12','','2014-12-08','\0',2,0,'A222274'),(1724,'2014-02-12','','2014-12-08','\0',2,0,'A222275'),(1725,'2014-02-12','','2014-12-08','\0',2,0,'A222276'),(1726,'2014-02-12','','2014-12-08','\0',2,0,'A222277'),(1727,'2014-02-12','','2014-12-08','\0',2,0,'A222278'),(1728,'2014-02-12','','2014-12-08','\0',2,0,'A222279'),(1729,'2014-02-12','','2014-12-08','\0',2,0,'A222280'),(1730,'2014-02-12','','2014-12-08','\0',2,0,'A222281'),(1731,'2014-02-12','','2014-12-08','\0',2,0,'A222282'),(1732,'2014-02-12','','2014-12-08','\0',2,0,'A222283'),(1733,'2014-02-12','','2014-12-08','\0',2,0,'A222284'),(1734,'2014-02-12','','2014-12-08','\0',2,0,'A222285'),(1735,'2014-02-12','','2014-12-08','\0',2,0,'A222286'),(1736,'2014-02-12','','2014-12-08','\0',2,0,'A222287'),(1737,'2014-02-12','','2014-12-08','\0',2,0,'A222288'),(1738,'2014-02-12','','2014-12-08','\0',2,0,'A222289'),(1739,'2014-02-12','','2014-12-08','\0',2,0,'A222290'),(1740,'2014-02-12','','2014-12-08','\0',2,0,'A222291'),(1741,'2014-02-12','','2014-12-08','\0',2,0,'A222292'),(1742,'2014-02-12','','2014-12-08','\0',2,0,'A222293'),(1743,'2014-02-12','','2014-12-08','\0',2,0,'A222294'),(1744,'2014-02-12','','2014-12-08','\0',2,0,'A222295'),(1745,'2014-02-12','','2014-12-08','\0',2,0,'A222296'),(1746,'2014-02-12','','2014-12-08','\0',2,0,'A222297'),(1747,'2014-02-12','','2014-12-08','\0',2,0,'A222298'),(1748,'2014-02-12','','2014-12-08','\0',2,0,'A222299'),(1749,'2014-02-12','','2014-12-08','\0',2,0,'A333100'),(1750,'2014-02-12','','2014-12-08','\0',2,0,'A333110'),(1751,'2014-02-12','','2014-12-08','\0',2,0,'A333111'),(1752,'2014-02-12','','2014-12-08','\0',2,0,'A333112'),(1753,'2014-02-12','','2014-12-08','\0',2,0,'A333113'),(1754,'2014-02-12','','2014-12-08','\0',2,0,'A333114'),(1755,'2014-02-12','','2014-12-08','\0',2,0,'A333115'),(1756,'2014-02-12','','2014-12-08','\0',2,0,'A333116'),(1757,'2014-02-12','','2014-12-08','\0',2,0,'A333117'),(1758,'2014-02-12','','2014-12-08','\0',2,0,'A333118'),(1759,'2014-02-12','','2014-12-08','\0',2,0,'A333119'),(1760,'2014-02-12','','2014-12-08','\0',2,0,'A333120'),(1761,'2014-02-12','','2014-12-08','\0',2,0,'A333121'),(1762,'2014-02-12','','2014-12-08','\0',2,0,'A333122'),(1763,'2014-02-12','','2014-12-08','\0',2,0,'A333123'),(1764,'2014-02-12','','2014-12-08','\0',2,0,'A333124'),(1765,'2014-02-12','','2014-12-08','\0',2,0,'A333125'),(1766,'2014-02-12','','2014-12-08','\0',2,0,'A333126'),(1767,'2014-02-12','','2014-12-08','\0',2,0,'A333127'),(1768,'2014-02-12','','2014-12-08','\0',2,0,'A333128'),(1769,'2014-02-12','','2014-12-08','\0',2,0,'A333129'),(1770,'2014-02-12','','2014-12-08','\0',2,0,'A333130'),(1771,'2014-02-12','','2014-12-08','\0',2,0,'A333131'),(1772,'2014-02-12','','2014-12-08','\0',2,0,'A333132'),(1773,'2014-02-12','','2014-12-08','\0',2,0,'A333133'),(1774,'2014-02-12','','2014-12-08','\0',2,0,'A333134'),(1775,'2014-02-12','','2014-12-08','\0',2,0,'A333135'),(1776,'2014-02-12','','2014-12-08','\0',2,0,'A333136'),(1777,'2014-02-12','','2014-12-08','\0',2,0,'A333137'),(1778,'2014-02-12','','2014-12-08','\0',2,0,'A333138'),(1779,'2014-02-12','','2014-12-08','\0',2,0,'A333139'),(1780,'2014-02-12','','2014-12-08','\0',2,0,'A333140'),(1781,'2014-02-12','','2014-12-08','\0',2,0,'A333141'),(1782,'2014-02-12','','2014-12-08','\0',2,0,'A333142'),(1783,'2014-02-12','','2014-12-08','\0',2,0,'A333143'),(1784,'2014-02-12','','2014-12-08','\0',2,0,'A333144'),(1785,'2014-02-12','','2014-12-08','\0',2,0,'A333145'),(1786,'2014-02-12','','2014-12-08','\0',2,0,'A333146'),(1787,'2014-02-12','','2014-12-08','\0',2,0,'A333147'),(1788,'2014-02-12','','2014-12-08','\0',2,0,'A333148'),(1789,'2014-02-12','','2014-12-08','\0',2,0,'A333149'),(1790,'2014-02-12','','2014-12-08','\0',2,0,'A333150'),(1791,'2014-02-12','','2014-12-08','\0',2,0,'A333151'),(1792,'2014-02-12','','2014-12-08','\0',2,0,'A333152'),(1793,'2014-02-12','','2014-12-08','\0',2,0,'A333153'),(1794,'2014-02-12','','2014-12-08','\0',2,0,'A333154'),(1795,'2014-02-12','','2014-12-08','\0',2,0,'A333155'),(1796,'2014-02-12','','2014-12-08','\0',2,0,'A333156'),(1797,'2014-02-12','','2014-12-08','\0',2,0,'A333157'),(1798,'2014-02-12','','2014-12-08','\0',2,0,'A333158'),(1799,'2014-02-12','','2014-12-08','\0',2,0,'A333159'),(1800,'2014-02-12','','2014-12-08','\0',2,0,'A333160'),(1801,'2014-02-12','','2014-12-08','\0',2,0,'A333161'),(1802,'2014-02-12','','2014-12-08','\0',2,0,'A333162'),(1803,'2014-02-12','','2014-12-08','\0',2,0,'A333163'),(1804,'2014-02-12','','2014-12-08','\0',2,0,'A333164'),(1805,'2014-02-12','','2014-12-08','\0',2,0,'A333165'),(1806,'2014-02-12','','2014-12-08','\0',2,0,'A333166'),(1807,'2014-02-12','','2014-12-08','\0',2,0,'A333167'),(1808,'2014-02-12','','2014-12-08','\0',2,0,'A333168'),(1809,'2014-02-12','','2014-12-08','\0',2,0,'A333169'),(1810,'2014-02-12','','2014-12-08','\0',2,0,'A333170'),(1811,'2014-02-12','','2014-12-08','\0',2,0,'A333171'),(1812,'2014-02-12','','2014-12-08','\0',2,0,'A333172'),(1813,'2014-02-12','','2014-12-08','\0',2,0,'A333173'),(1814,'2014-02-12','','2014-12-08','\0',2,0,'A333174'),(1815,'2014-02-12','','2014-12-08','\0',2,0,'A333175'),(1816,'2014-02-12','','2014-12-08','\0',2,0,'A333176'),(1817,'2014-02-12','','2014-12-08','\0',2,0,'A333177'),(1818,'2014-02-12','','2014-12-08','\0',2,0,'A333178'),(1819,'2014-02-12','','2014-12-08','\0',2,0,'A333179'),(1820,'2014-02-12','','2014-12-08','\0',2,0,'A333180'),(1821,'2014-02-12','','2014-12-08','\0',2,0,'A333181'),(1822,'2014-02-12','','2014-12-08','\0',2,0,'A333182'),(1823,'2014-02-12','','2014-12-08','\0',2,0,'A333183'),(1824,'2014-02-12','','2014-12-08','\0',2,0,'A333184'),(1825,'2014-02-12','','2014-12-08','\0',2,0,'A333185'),(1826,'2014-02-12','','2014-12-08','\0',2,0,'A333186'),(1827,'2014-02-12','','2014-12-08','\0',2,0,'A333187'),(1828,'2014-02-12','','2014-12-08','\0',2,0,'A333188'),(1829,'2014-02-12','','2014-12-08','\0',2,0,'A333189'),(1830,'2014-02-12','','2014-12-08','\0',2,0,'A333190'),(1831,'2014-02-12','','2014-12-08','\0',2,0,'A333191'),(1832,'2014-02-12','','2014-12-08','\0',2,0,'A333192'),(1833,'2014-02-12','','2014-12-08','\0',2,0,'A333193'),(1834,'2014-02-12','','2014-12-08','\0',2,0,'A333194'),(1835,'2014-02-12','','2014-12-08','\0',2,0,'A333195'),(1836,'2014-02-12','','2014-12-08','\0',2,0,'A333196'),(1837,'2014-02-12','','2014-12-08','\0',2,0,'A333197'),(1838,'2014-02-12','','2014-12-08','\0',2,0,'A333198'),(1839,'2014-02-12','','2014-12-08','\0',2,0,'A333199'),(1840,'2014-02-12','','2014-12-08','\0',2,0,'A333200'),(1841,'2014-02-12','','2014-12-08','\0',2,0,'A333444'),(1842,'2014-02-12','','2014-12-08','\0',2,0,'A333445'),(1843,'2014-02-12','','2014-12-08','\0',2,0,'C333222');
/*!40000 ALTER TABLE `WorkPackageAssignment` ENABLE KEYS */;
UNLOCK TABLES;

--
-- Dumping data for table `hibernate_sequence`
--

LOCK TABLES `hibernate_sequence` WRITE;
/*!40000 ALTER TABLE `hibernate_sequence` DISABLE KEYS */;
INSERT INTO `hibernate_sequence` VALUES (1844);
/*!40000 ALTER TABLE `hibernate_sequence` ENABLE KEYS */;
UNLOCK TABLES;

--
-- Dumping data for table `WorkPackage`
--

LOCK TABLES `WorkPackage` WRITE;
/*!40000 ALTER TABLE `WorkPackage` DISABLE KEYS */;
INSERT INTO `WorkPackage` VALUES ('A111110','2014-01-02','','2014-05-15','2014-01-02','',55522,'2014-01-02',0,'Lots\'o Packages'),('A111111','2014-01-02','','2014-05-15','2014-01-02','',55522,'2014-01-02',0,'Lots\'o Packages'),('A111112','2014-01-02','','2014-05-15','2014-01-02','',55522,'2014-01-02',0,'Lots\'o Packages'),('A111113','2014-01-02','','2014-05-15','2014-01-02','',55522,'2014-01-02',0,'Lots\'o Packages'),('A111114','2014-01-02','','2014-05-15','2014-01-02','',55522,'2014-01-02',0,'Lots\'o Packages'),('A111115','2014-01-02','','2014-05-15','2014-01-02','',55522,'2014-01-02',0,'Lots\'o Packages'),('A111116','2014-01-02','','2014-05-15','2014-01-02','',55522,'2014-01-02',0,'Lots\'o Packages'),('A111117','2014-01-02','','2014-05-15','2014-01-02','',55522,'2014-01-02',0,'Lots\'o Packages'),('A111118','2014-01-02','','2014-05-15','2014-01-02','',55522,'2014-01-02',0,'Lots\'o Packages'),('A111119','2014-01-02','','2014-05-15','2014-01-02','',55522,'2014-01-02',0,'Lots\'o Packages'),('A111222','2014-01-02','','2014-05-15','2014-01-02','',12345,'2014-01-02',0,'Implement domain models'),('A222210','2014-01-02','','2014-05-15','2014-01-02','',55522,'2014-01-02',0,'Lots\'o Packages'),('A222211','2014-01-02','','2014-05-15','2014-01-02','',55522,'2014-01-02',0,'Lots\'o Packages'),('A222212','2014-01-02','','2014-05-15','2014-01-02','',55522,'2014-01-02',0,'Lots\'o Packages'),('A222213','2014-01-02','','2014-05-15','2014-01-02','',55522,'2014-01-02',0,'Lots\'o Packages'),('A222214','2014-01-02','','2014-05-15','2014-01-02','',55522,'2014-01-02',0,'Lots\'o Packages'),('A222215','2014-01-02','','2014-05-15','2014-01-02','',55522,'2014-01-02',0,'Lots\'o Packages'),('A222216','2014-01-02','','2014-05-15','2014-01-02','',55522,'2014-01-02',0,'Lots\'o Packages'),('A222217','2014-01-02','','2014-05-15','2014-01-02','',55522,'2014-01-02',0,'Lots\'o Packages'),('A222218','2014-01-02','','2014-05-15','2014-01-02','',55522,'2014-01-02',0,'Lots\'o Packages'),('A222219','2014-01-02','','2014-05-15','2014-01-02','',55522,'2014-01-02',0,'Lots\'o Packages'),('A222220','2014-01-02','','2014-05-15','2014-01-02','',55522,'2014-01-02',0,'Lots\'o Packages'),('A222221','2014-01-02','','2014-05-15','2014-01-02','',55522,'2014-01-02',0,'Lots\'o Packages'),('A222222','2014-01-02','','2014-05-15','2014-01-02','',55522,'2014-01-02',0,'Lots\'o Packages'),('A222223','2014-01-02','','2014-05-15','2014-01-02','',55522,'2014-01-02',0,'Lots\'o Packages'),('A222224','2014-01-02','','2014-05-15','2014-01-02','',55522,'2014-01-02',0,'Lots\'o Packages'),('A222225','2014-01-02','','2014-05-15','2014-01-02','',55522,'2014-01-02',0,'Lots\'o Packages'),('A222226','2014-01-02','','2014-05-15','2014-01-02','',55522,'2014-01-02',0,'Lots\'o Packages'),('A222227','2014-01-02','','2014-05-15','2014-01-02','',55522,'2014-01-02',0,'Lots\'o Packages'),('A222228','2014-01-02','','2014-05-15','2014-01-02','',55522,'2014-01-02',0,'Lots\'o Packages'),('A222229','2014-01-02','','2014-05-15','2014-01-02','',55522,'2014-01-02',0,'Lots\'o Packages'),('A222230','2014-01-02','','2014-05-15','2014-01-02','',55522,'2014-01-02',0,'Lots\'o Packages'),('A222231','2014-01-02','','2014-05-15','2014-01-02','',55522,'2014-01-02',0,'Lots\'o Packages'),('A222232','2014-01-02','','2014-05-15','2014-01-02','',55522,'2014-01-02',0,'Lots\'o Packages'),('A222233','2014-01-02','','2014-05-15','2014-01-02','',55522,'2014-01-02',0,'Lots\'o Packages'),('A222234','2014-01-02','','2014-05-15','2014-01-02','',55522,'2014-01-02',0,'Lots\'o Packages'),('A222235','2014-01-02','','2014-05-15','2014-01-02','',55522,'2014-01-02',0,'Lots\'o Packages'),('A222236','2014-01-02','','2014-05-15','2014-01-02','',55522,'2014-01-02',0,'Lots\'o Packages'),('A222237','2014-01-02','','2014-05-15','2014-01-02','',55522,'2014-01-02',0,'Lots\'o Packages'),('A222238','2014-01-02','','2014-05-15','2014-01-02','',55522,'2014-01-02',0,'Lots\'o Packages'),('A222239','2014-01-02','','2014-05-15','2014-01-02','',55522,'2014-01-02',0,'Lots\'o Packages'),('A222240','2014-01-02','','2014-05-15','2014-01-02','',55522,'2014-01-02',0,'Lots\'o Packages'),('A222241','2014-01-02','','2014-05-15','2014-01-02','',55522,'2014-01-02',0,'Lots\'o Packages'),('A222242','2014-01-02','','2014-05-15','2014-01-02','',55522,'2014-01-02',0,'Lots\'o Packages'),('A222243','2014-01-02','','2014-05-15','2014-01-02','',55522,'2014-01-02',0,'Lots\'o Packages'),('A222244','2014-01-02','','2014-05-15','2014-01-02','',55522,'2014-01-02',0,'Lots\'o Packages'),('A222245','2014-01-02','','2014-05-15','2014-01-02','',55522,'2014-01-02',0,'Lots\'o Packages'),('A222246','2014-01-02','','2014-05-15','2014-01-02','',55522,'2014-01-02',0,'Lots\'o Packages'),('A222247','2014-01-02','','2014-05-15','2014-01-02','',55522,'2014-01-02',0,'Lots\'o Packages'),('A222248','2014-01-02','','2014-05-15','2014-01-02','',55522,'2014-01-02',0,'Lots\'o Packages'),('A222249','2014-01-02','','2014-05-15','2014-01-02','',55522,'2014-01-02',0,'Lots\'o Packages'),('A222250','2014-01-02','','2014-05-15','2014-01-02','',55522,'2014-01-02',0,'Lots\'o Packages'),('A222251','2014-01-02','','2014-05-15','2014-01-02','',55522,'2014-01-02',0,'Lots\'o Packages'),('A222252','2014-01-02','','2014-05-15','2014-01-02','',55522,'2014-01-02',0,'Lots\'o Packages'),('A222253','2014-01-02','','2014-05-15','2014-01-02','',55522,'2014-01-02',0,'Lots\'o Packages'),('A222254','2014-01-02','','2014-05-15','2014-01-02','',55522,'2014-01-02',0,'Lots\'o Packages'),('A222255','2014-01-02','','2014-05-15','2014-01-02','',55522,'2014-01-02',0,'Lots\'o Packages'),('A222256','2014-01-02','','2014-05-15','2014-01-02','',55522,'2014-01-02',0,'Lots\'o Packages'),('A222257','2014-01-02','','2014-05-15','2014-01-02','',55522,'2014-01-02',0,'Lots\'o Packages'),('A222258','2014-01-02','','2014-05-15','2014-01-02','',55522,'2014-01-02',0,'Lots\'o Packages'),('A222259','2014-01-02','','2014-05-15','2014-01-02','',55522,'2014-01-02',0,'Lots\'o Packages'),('A222260','2014-01-02','','2014-05-15','2014-01-02','',55522,'2014-01-02',0,'Lots\'o Packages'),('A222261','2014-01-02','','2014-05-15','2014-01-02','',55522,'2014-01-02',0,'Lots\'o Packages'),('A222262','2014-01-02','','2014-05-15','2014-01-02','',55522,'2014-01-02',0,'Lots\'o Packages'),('A222263','2014-01-02','','2014-05-15','2014-01-02','',55522,'2014-01-02',0,'Lots\'o Packages'),('A222264','2014-01-02','','2014-05-15','2014-01-02','',55522,'2014-01-02',0,'Lots\'o Packages'),('A222265','2014-01-02','','2014-05-15','2014-01-02','',55522,'2014-01-02',0,'Lots\'o Packages'),('A222266','2014-01-02','','2014-05-15','2014-01-02','',55522,'2014-01-02',0,'Lots\'o Packages'),('A222267','2014-01-02','','2014-05-15','2014-01-02','',55522,'2014-01-02',0,'Lots\'o Packages'),('A222268','2014-01-02','','2014-05-15','2014-01-02','',55522,'2014-01-02',0,'Lots\'o Packages'),('A222269','2014-01-02','','2014-05-15','2014-01-02','',55522,'2014-01-02',0,'Lots\'o Packages'),('A222270','2014-01-02','','2014-05-15','2014-01-02','',55522,'2014-01-02',0,'Lots\'o Packages'),('A222271','2014-01-02','','2014-05-15','2014-01-02','',55522,'2014-01-02',0,'Lots\'o Packages'),('A222272','2014-01-02','','2014-05-15','2014-01-02','',55522,'2014-01-02',0,'Lots\'o Packages'),('A222273','2014-01-02','','2014-05-15','2014-01-02','',55522,'2014-01-02',0,'Lots\'o Packages'),('A222274','2014-01-02','','2014-05-15','2014-01-02','',55522,'2014-01-02',0,'Lots\'o Packages'),('A222275','2014-01-02','','2014-05-15','2014-01-02','',55522,'2014-01-02',0,'Lots\'o Packages'),('A222276','2014-01-02','','2014-05-15','2014-01-02','',55522,'2014-01-02',0,'Lots\'o Packages'),('A222277','2014-01-02','','2014-05-15','2014-01-02','',55522,'2014-01-02',0,'Lots\'o Packages'),('A222278','2014-01-02','','2014-05-15','2014-01-02','',55522,'2014-01-02',0,'Lots\'o Packages'),('A222279','2014-01-02','','2014-05-15','2014-01-02','',55522,'2014-01-02',0,'Lots\'o Packages'),('A222280','2014-01-02','','2014-05-15','2014-01-02','',55522,'2014-01-02',0,'Lots\'o Packages'),('A222281','2014-01-02','','2014-05-15','2014-01-02','',55522,'2014-01-02',0,'Lots\'o Packages'),('A222282','2014-01-02','','2014-05-15','2014-01-02','',55522,'2014-01-02',0,'Lots\'o Packages'),('A222283','2014-01-02','','2014-05-15','2014-01-02','',55522,'2014-01-02',0,'Lots\'o Packages'),('A222284','2014-01-02','','2014-05-15','2014-01-02','',55522,'2014-01-02',0,'Lots\'o Packages'),('A222285','2014-01-02','','2014-05-15','2014-01-02','',55522,'2014-01-02',0,'Lots\'o Packages'),('A222286','2014-01-02','','2014-05-15','2014-01-02','',55522,'2014-01-02',0,'Lots\'o Packages'),('A222287','2014-01-02','','2014-05-15','2014-01-02','',55522,'2014-01-02',0,'Lots\'o Packages'),('A222288','2014-01-02','','2014-05-15','2014-01-02','',55522,'2014-01-02',0,'Lots\'o Packages'),('A222289','2014-01-02','','2014-05-15','2014-01-02','',55522,'2014-01-02',0,'Lots\'o Packages'),('A222290','2014-01-02','','2014-05-15','2014-01-02','',55522,'2014-01-02',0,'Lots\'o Packages'),('A222291','2014-01-02','','2014-05-15','2014-01-02','',55522,'2014-01-02',0,'Lots\'o Packages'),('A222292','2014-01-02','','2014-05-15','2014-01-02','',55522,'2014-01-02',0,'Lots\'o Packages'),('A222293','2014-01-02','','2014-05-15','2014-01-02','',55522,'2014-01-02',0,'Lots\'o Packages'),('A222294','2014-01-02','','2014-05-15','2014-01-02','',55522,'2014-01-02',0,'Lots\'o Packages'),('A222295','2014-01-02','','2014-05-15','2014-01-02','',55522,'2014-01-02',0,'Lots\'o Packages'),('A222296','2014-01-02','','2014-05-15','2014-01-02','',55522,'2014-01-02',0,'Lots\'o Packages'),('A222297','2014-01-02','','2014-05-15','2014-01-02','',55522,'2014-01-02',0,'Lots\'o Packages'),('A222298','2014-01-02','','2014-05-15','2014-01-02','',55522,'2014-01-02',0,'Lots\'o Packages'),('A222299','2014-01-02','','2014-05-15','2014-01-02','',55522,'2014-01-02',0,'Lots\'o Packages'),('A333100','2014-01-02','','2014-05-15','2014-01-02','',55522,'2014-01-02',0,'Lots\'o Packages'),('A333110','2014-01-02','','2014-05-15','2014-01-02','',55522,'2014-01-02',0,'Lots\'o Packages'),('A333111','2014-01-02','','2014-05-15','2014-01-02','',55522,'2014-01-02',0,'Lots\'o Packages'),('A333112','2014-01-02','','2014-05-15','2014-01-02','',55522,'2014-01-02',0,'Lots\'o Packages'),('A333113','2014-01-02','','2014-05-15','2014-01-02','',55522,'2014-01-02',0,'Lots\'o Packages'),('A333114','2014-01-02','','2014-05-15','2014-01-02','',55522,'2014-01-02',0,'Lots\'o Packages'),('A333115','2014-01-02','','2014-05-15','2014-01-02','',55522,'2014-01-02',0,'Lots\'o Packages'),('A333116','2014-01-02','','2014-05-15','2014-01-02','',55522,'2014-01-02',0,'Lots\'o Packages'),('A333117','2014-01-02','','2014-05-15','2014-01-02','',55522,'2014-01-02',0,'Lots\'o Packages'),('A333118','2014-01-02','','2014-05-15','2014-01-02','',55522,'2014-01-02',0,'Lots\'o Packages'),('A333119','2014-01-02','','2014-05-15','2014-01-02','',55522,'2014-01-02',0,'Lots\'o Packages'),('A333120','2014-01-02','','2014-05-15','2014-01-02','',55522,'2014-01-02',0,'Lots\'o Packages'),('A333121','2014-01-02','','2014-05-15','2014-01-02','',55522,'2014-01-02',0,'Lots\'o Packages'),('A333122','2014-01-02','','2014-05-15','2014-01-02','',55522,'2014-01-02',0,'Lots\'o Packages'),('A333123','2014-01-02','','2014-05-15','2014-01-02','',55522,'2014-01-02',0,'Lots\'o Packages'),('A333124','2014-01-02','','2014-05-15','2014-01-02','',55522,'2014-01-02',0,'Lots\'o Packages'),('A333125','2014-01-02','','2014-05-15','2014-01-02','',55522,'2014-01-02',0,'Lots\'o Packages'),('A333126','2014-01-02','','2014-05-15','2014-01-02','',55522,'2014-01-02',0,'Lots\'o Packages'),('A333127','2014-01-02','','2014-05-15','2014-01-02','',55522,'2014-01-02',0,'Lots\'o Packages'),('A333128','2014-01-02','','2014-05-15','2014-01-02','',55522,'2014-01-02',0,'Lots\'o Packages'),('A333129','2014-01-02','','2014-05-15','2014-01-02','',55522,'2014-01-02',0,'Lots\'o Packages'),('A333130','2014-01-02','','2014-05-15','2014-01-02','',55522,'2014-01-02',0,'Lots\'o Packages'),('A333131','2014-01-02','','2014-05-15','2014-01-02','',55522,'2014-01-02',0,'Lots\'o Packages'),('A333132','2014-01-02','','2014-05-15','2014-01-02','',55522,'2014-01-02',0,'Lots\'o Packages'),('A333133','2014-01-02','','2014-05-15','2014-01-02','',55522,'2014-01-02',0,'Lots\'o Packages'),('A333134','2014-01-02','','2014-05-15','2014-01-02','',55522,'2014-01-02',0,'Lots\'o Packages'),('A333135','2014-01-02','','2014-05-15','2014-01-02','',55522,'2014-01-02',0,'Lots\'o Packages'),('A333136','2014-01-02','','2014-05-15','2014-01-02','',55522,'2014-01-02',0,'Lots\'o Packages'),('A333137','2014-01-02','','2014-05-15','2014-01-02','',55522,'2014-01-02',0,'Lots\'o Packages'),('A333138','2014-01-02','','2014-05-15','2014-01-02','',55522,'2014-01-02',0,'Lots\'o Packages'),('A333139','2014-01-02','','2014-05-15','2014-01-02','',55522,'2014-01-02',0,'Lots\'o Packages'),('A333140','2014-01-02','','2014-05-15','2014-01-02','',55522,'2014-01-02',0,'Lots\'o Packages'),('A333141','2014-01-02','','2014-05-15','2014-01-02','',55522,'2014-01-02',0,'Lots\'o Packages'),('A333142','2014-01-02','','2014-05-15','2014-01-02','',55522,'2014-01-02',0,'Lots\'o Packages'),('A333143','2014-01-02','','2014-05-15','2014-01-02','',55522,'2014-01-02',0,'Lots\'o Packages'),('A333144','2014-01-02','','2014-05-15','2014-01-02','',55522,'2014-01-02',0,'Lots\'o Packages'),('A333145','2014-01-02','','2014-05-15','2014-01-02','',55522,'2014-01-02',0,'Lots\'o Packages'),('A333146','2014-01-02','','2014-05-15','2014-01-02','',55522,'2014-01-02',0,'Lots\'o Packages'),('A333147','2014-01-02','','2014-05-15','2014-01-02','',55522,'2014-01-02',0,'Lots\'o Packages'),('A333148','2014-01-02','','2014-05-15','2014-01-02','',55522,'2014-01-02',0,'Lots\'o Packages'),('A333149','2014-01-02','','2014-05-15','2014-01-02','',55522,'2014-01-02',0,'Lots\'o Packages'),('A333150','2014-01-02','','2014-05-15','2014-01-02','',55522,'2014-01-02',0,'Lots\'o Packages'),('A333151','2014-01-02','','2014-05-15','2014-01-02','',55522,'2014-01-02',0,'Lots\'o Packages'),('A333152','2014-01-02','','2014-05-15','2014-01-02','',55522,'2014-01-02',0,'Lots\'o Packages'),('A333153','2014-01-02','','2014-05-15','2014-01-02','',55522,'2014-01-02',0,'Lots\'o Packages'),('A333154','2014-01-02','','2014-05-15','2014-01-02','',55522,'2014-01-02',0,'Lots\'o Packages'),('A333155','2014-01-02','','2014-05-15','2014-01-02','',55522,'2014-01-02',0,'Lots\'o Packages'),('A333156','2014-01-02','','2014-05-15','2014-01-02','',55522,'2014-01-02',0,'Lots\'o Packages'),('A333157','2014-01-02','','2014-05-15','2014-01-02','',55522,'2014-01-02',0,'Lots\'o Packages'),('A333158','2014-01-02','','2014-05-15','2014-01-02','',55522,'2014-01-02',0,'Lots\'o Packages'),('A333159','2014-01-02','','2014-05-15','2014-01-02','',55522,'2014-01-02',0,'Lots\'o Packages'),('A333160','2014-01-02','','2014-05-15','2014-01-02','',55522,'2014-01-02',0,'Lots\'o Packages'),('A333161','2014-01-02','','2014-05-15','2014-01-02','',55522,'2014-01-02',0,'Lots\'o Packages'),('A333162','2014-01-02','','2014-05-15','2014-01-02','',55522,'2014-01-02',0,'Lots\'o Packages'),('A333163','2014-01-02','','2014-05-15','2014-01-02','',55522,'2014-01-02',0,'Lots\'o Packages'),('A333164','2014-01-02','','2014-05-15','2014-01-02','',55522,'2014-01-02',0,'Lots\'o Packages'),('A333165','2014-01-02','','2014-05-15','2014-01-02','',55522,'2014-01-02',0,'Lots\'o Packages'),('A333166','2014-01-02','','2014-05-15','2014-01-02','',55522,'2014-01-02',0,'Lots\'o Packages'),('A333167','2014-01-02','','2014-05-15','2014-01-02','',55522,'2014-01-02',0,'Lots\'o Packages'),('A333168','2014-01-02','','2014-05-15','2014-01-02','',55522,'2014-01-02',0,'Lots\'o Packages'),('A333169','2014-01-02','','2014-05-15','2014-01-02','',55522,'2014-01-02',0,'Lots\'o Packages'),('A333170','2014-01-02','','2014-05-15','2014-01-02','',55522,'2014-01-02',0,'Lots\'o Packages'),('A333171','2014-01-02','','2014-05-15','2014-01-02','',55522,'2014-01-02',0,'Lots\'o Packages'),('A333172','2014-01-02','','2014-05-15','2014-01-02','',55522,'2014-01-02',0,'Lots\'o Packages'),('A333173','2014-01-02','','2014-05-15','2014-01-02','',55522,'2014-01-02',0,'Lots\'o Packages'),('A333174','2014-01-02','','2014-05-15','2014-01-02','',55522,'2014-01-02',0,'Lots\'o Packages'),('A333175','2014-01-02','','2014-05-15','2014-01-02','',55522,'2014-01-02',0,'Lots\'o Packages'),('A333176','2014-01-02','','2014-05-15','2014-01-02','',55522,'2014-01-02',0,'Lots\'o Packages'),('A333177','2014-01-02','','2014-05-15','2014-01-02','',55522,'2014-01-02',0,'Lots\'o Packages'),('A333178','2014-01-02','','2014-05-15','2014-01-02','',55522,'2014-01-02',0,'Lots\'o Packages'),('A333179','2014-01-02','','2014-05-15','2014-01-02','',55522,'2014-01-02',0,'Lots\'o Packages'),('A333180','2014-01-02','','2014-05-15','2014-01-02','',55522,'2014-01-02',0,'Lots\'o Packages'),('A333181','2014-01-02','','2014-05-15','2014-01-02','',55522,'2014-01-02',0,'Lots\'o Packages'),('A333182','2014-01-02','','2014-05-15','2014-01-02','',55522,'2014-01-02',0,'Lots\'o Packages'),('A333183','2014-01-02','','2014-05-15','2014-01-02','',55522,'2014-01-02',0,'Lots\'o Packages'),('A333184','2014-01-02','','2014-05-15','2014-01-02','',55522,'2014-01-02',0,'Lots\'o Packages'),('A333185','2014-01-02','','2014-05-15','2014-01-02','',55522,'2014-01-02',0,'Lots\'o Packages'),('A333186','2014-01-02','','2014-05-15','2014-01-02','',55522,'2014-01-02',0,'Lots\'o Packages'),('A333187','2014-01-02','','2014-05-15','2014-01-02','',55522,'2014-01-02',0,'Lots\'o Packages'),('A333188','2014-01-02','','2014-05-15','2014-01-02','',55522,'2014-01-02',0,'Lots\'o Packages'),('A333189','2014-01-02','','2014-05-15','2014-01-02','',55522,'2014-01-02',0,'Lots\'o Packages'),('A333190','2014-01-02','','2014-05-15','2014-01-02','',55522,'2014-01-02',0,'Lots\'o Packages'),('A333191','2014-01-02','','2014-05-15','2014-01-02','',55522,'2014-01-02',0,'Lots\'o Packages'),('A333192','2014-01-02','','2014-05-15','2014-01-02','',55522,'2014-01-02',0,'Lots\'o Packages'),('A333193','2014-01-02','','2014-05-15','2014-01-02','',55522,'2014-01-02',0,'Lots\'o Packages'),('A333194','2014-01-02','','2014-05-15','2014-01-02','',55522,'2014-01-02',0,'Lots\'o Packages'),('A333195','2014-01-02','','2014-05-15','2014-01-02','',55522,'2014-01-02',0,'Lots\'o Packages'),('A333196','2014-01-02','','2014-05-15','2014-01-02','',55522,'2014-01-02',0,'Lots\'o Packages'),('A333197','2014-01-02','','2014-05-15','2014-01-02','',55522,'2014-01-02',0,'Lots\'o Packages'),('A333198','2014-01-02','','2014-05-15','2014-01-02','',55522,'2014-01-02',0,'Lots\'o Packages'),('A333199','2014-01-02','','2014-05-15','2014-01-02','',55522,'2014-01-02',0,'Lots\'o Packages'),('A333200','2014-01-02','','2014-05-15','2014-01-02','',55522,'2014-01-02',0,'Lots\'o Packages'),('A333444','2013-11-10','','2013-11-28','2013-11-10','',55522,'2013-11-10',0,'Design Database'),('A333445','2013-11-15','','2014-02-05','2013-11-15','',55522,'2013-11-15',0,'Implement login logic'),('B333222','2014-02-05','','2014-04-12','2014-02-05','',12345,'2014-02-05',0,'Write tests'),('B333223','2014-01-14','','2014-04-17','2014-01-14','',12345,'2014-01-14',0,'Something important'),('C333222','2013-11-12','','2013-12-08','2013-11-12','',55522,'2013-11-12',0,'Preliminary front end design'),('ZZ33422','2012-08-02','','2013-03-27','2012-08-02','',99977,'2012-08-02',0,'Research technologies'),('ZZ33423','2013-03-15','','2017-06-23','2013-03-15','',99977,'2013-03-15',0,'Solve world hunger');
/*!40000 ALTER TABLE `WorkPackage` ENABLE KEYS */;
UNLOCK TABLES;

--
-- Dumping data for table `WorkPackageStatusReport`
--

LOCK TABLES `WorkPackageStatusReport` WRITE;
/*!40000 ALTER TABLE `WorkPackageStatusReport` DISABLE KEYS */;
/*!40000 ALTER TABLE `WorkPackageStatusReport` ENABLE KEYS */;
UNLOCK TABLES;

--
-- Dumping data for table `Project`
--

LOCK TABLES `Project` WRITE;
/*!40000 ALTER TABLE `Project` DISABLE KEYS */;
INSERT INTO `Project` VALUES (10000,500000.00,0.00,1.20,NULL,'2014-01-01','Project10000',0),(10001,500000.00,0.00,1.20,NULL,'2014-01-01','Project10001',0),(10002,500000.00,0.00,1.20,NULL,'2014-01-01','Project10002',0),(10003,500000.00,0.00,1.20,NULL,'2014-01-01','Project10003',0),(10004,500000.00,0.00,1.20,NULL,'2014-01-01','Project10004',0),(10005,500000.00,0.00,1.20,NULL,'2014-01-01','Project10005',0),(10006,500000.00,0.00,1.20,NULL,'2014-01-01','Project10006',0),(10007,500000.00,0.00,1.20,NULL,'2014-01-01','Project10007',0),(10008,500000.00,0.00,1.20,NULL,'2014-01-01','Project10008',0),(10009,500000.00,0.00,1.20,NULL,'2014-01-01','Project10009',0),(10010,500000.00,0.00,1.20,NULL,'2014-01-01','Project10010',0),(10011,500000.00,0.00,1.20,NULL,'2014-01-01','Project10011',0),(10012,500000.00,0.00,1.20,NULL,'2014-01-01','Project10012',0),(10013,500000.00,0.00,1.20,NULL,'2014-01-01','Project10013',0),(10014,500000.00,0.00,1.20,NULL,'2014-01-01','Project10014',0),(10015,500000.00,0.00,1.20,NULL,'2014-01-01','Project10015',0),(10016,500000.00,0.00,1.20,NULL,'2014-01-01','Project10016',0),(10017,500000.00,0.00,1.20,NULL,'2014-01-01','Project10017',0),(10018,500000.00,0.00,1.20,NULL,'2014-01-01','Project10018',0),(10019,500000.00,0.00,1.20,NULL,'2014-01-01','Project10019',0),(10020,500000.00,0.00,1.20,NULL,'2014-01-01','Project10020',0),(10021,500000.00,0.00,1.20,NULL,'2014-01-01','Project10021',0),(10022,500000.00,0.00,1.20,NULL,'2014-01-01','Project10022',0),(10023,500000.00,0.00,1.20,NULL,'2014-01-01','Project10023',0),(10024,500000.00,0.00,1.20,NULL,'2014-01-01','Project10024',0),(10025,500000.00,0.00,1.20,NULL,'2014-01-01','Project10025',0),(10026,500000.00,0.00,1.20,NULL,'2014-01-01','Project10026',0),(10027,500000.00,0.00,1.20,NULL,'2014-01-01','Project10027',0),(10028,500000.00,0.00,1.20,NULL,'2014-01-01','Project10028',0),(10029,500000.00,0.00,1.20,NULL,'2014-01-01','Project10029',0),(10030,500000.00,0.00,1.20,NULL,'2014-01-01','Project10030',0),(10031,500000.00,0.00,1.20,NULL,'2014-01-01','Project10031',0),(10032,500000.00,0.00,1.20,NULL,'2014-01-01','Project10032',0),(10033,500000.00,0.00,1.20,NULL,'2014-01-01','Project10033',0),(10034,500000.00,0.00,1.20,NULL,'2014-01-01','Project10034',0),(10035,500000.00,0.00,1.20,NULL,'2014-01-01','Project10035',0),(10036,500000.00,0.00,1.20,NULL,'2014-01-01','Project10036',0),(10037,500000.00,0.00,1.20,NULL,'2014-01-01','Project10037',0),(10038,500000.00,0.00,1.20,NULL,'2014-01-01','Project10038',0),(10039,500000.00,0.00,1.20,NULL,'2014-01-01','Project10039',0),(10040,500000.00,0.00,1.20,NULL,'2014-01-01','Project10040',0),(10041,500000.00,0.00,1.20,NULL,'2014-01-01','Project10041',0),(10042,500000.00,0.00,1.20,NULL,'2014-01-01','Project10042',0),(10043,500000.00,0.00,1.20,NULL,'2014-01-01','Project10043',0),(10044,500000.00,0.00,1.20,NULL,'2014-01-01','Project10044',0),(10045,500000.00,0.00,1.20,NULL,'2014-01-01','Project10045',0),(10046,500000.00,0.00,1.20,NULL,'2014-01-01','Project10046',0),(10047,500000.00,0.00,1.20,NULL,'2014-01-01','Project10047',0),(10048,500000.00,0.00,1.20,NULL,'2014-01-01','Project10048',0),(10049,500000.00,0.00,1.20,NULL,'2014-01-01','Project10049',0),(10050,500000.00,0.00,1.20,NULL,'2014-01-01','Project10050',0),(10051,500000.00,0.00,1.20,NULL,'2014-01-01','Project10051',0),(10052,500000.00,0.00,1.20,NULL,'2014-01-01','Project10052',0),(10053,500000.00,0.00,1.20,NULL,'2014-01-01','Project10053',0),(10054,500000.00,0.00,1.20,NULL,'2014-01-01','Project10054',0),(10055,500000.00,0.00,1.20,NULL,'2014-01-01','Project10055',0),(10056,500000.00,0.00,1.20,NULL,'2014-01-01','Project10056',0),(10057,500000.00,0.00,1.20,NULL,'2014-01-01','Project10057',0),(10058,500000.00,0.00,1.20,NULL,'2014-01-01','Project10058',0),(10059,500000.00,0.00,1.20,NULL,'2014-01-01','Project10059',0),(10060,500000.00,0.00,1.20,NULL,'2014-01-01','Project10060',0),(10061,500000.00,0.00,1.20,NULL,'2014-01-01','Project10061',0),(10062,500000.00,0.00,1.20,NULL,'2014-01-01','Project10062',0),(10063,500000.00,0.00,1.20,NULL,'2014-01-01','Project10063',0),(10064,500000.00,0.00,1.20,NULL,'2014-01-01','Project10064',0),(10065,500000.00,0.00,1.20,NULL,'2014-01-01','Project10065',0),(10066,500000.00,0.00,1.20,NULL,'2014-01-01','Project10066',0),(10067,500000.00,0.00,1.20,NULL,'2014-01-01','Project10067',0),(10068,500000.00,0.00,1.20,NULL,'2014-01-01','Project10068',0),(10069,500000.00,0.00,1.20,NULL,'2014-01-01','Project10069',0),(10070,500000.00,0.00,1.20,NULL,'2014-01-01','Project10070',0),(10071,500000.00,0.00,1.20,NULL,'2014-01-01','Project10071',0),(10072,500000.00,0.00,1.20,NULL,'2014-01-01','Project10072',0),(10073,500000.00,0.00,1.20,NULL,'2014-01-01','Project10073',0),(10074,500000.00,0.00,1.20,NULL,'2014-01-01','Project10074',0),(10075,500000.00,0.00,1.20,NULL,'2014-01-01','Project10075',0),(10076,500000.00,0.00,1.20,NULL,'2014-01-01','Project10076',0),(10077,500000.00,0.00,1.20,NULL,'2014-01-01','Project10077',0),(10078,500000.00,0.00,1.20,NULL,'2014-01-01','Project10078',0),(10079,500000.00,0.00,1.20,NULL,'2014-01-01','Project10079',0),(10080,500000.00,0.00,1.20,NULL,'2014-01-01','Project10080',0),(10081,500000.00,0.00,1.20,NULL,'2014-01-01','Project10081',0),(10082,500000.00,0.00,1.20,NULL,'2014-01-01','Project10082',0),(10083,500000.00,0.00,1.20,NULL,'2014-01-01','Project10083',0),(10084,500000.00,0.00,1.20,NULL,'2014-01-01','Project10084',0),(10085,500000.00,0.00,1.20,NULL,'2014-01-01','Project10085',0),(10086,500000.00,0.00,1.20,NULL,'2014-01-01','Project10086',0),(10087,500000.00,0.00,1.20,NULL,'2014-01-01','Project10087',0),(10088,500000.00,0.00,1.20,NULL,'2014-01-01','Project10088',0),(10089,500000.00,0.00,1.20,NULL,'2014-01-01','Project10089',0),(10090,500000.00,0.00,1.20,NULL,'2014-01-01','Project10090',0),(10091,500000.00,0.00,1.20,NULL,'2014-01-01','Project10091',0),(10092,500000.00,0.00,1.20,NULL,'2014-01-01','Project10092',0),(10093,500000.00,0.00,1.20,NULL,'2014-01-01','Project10093',0),(10094,500000.00,0.00,1.20,NULL,'2014-01-01','Project10094',0),(10095,500000.00,0.00,1.20,NULL,'2014-01-01','Project10095',0),(10096,500000.00,0.00,1.20,NULL,'2014-01-01','Project10096',0),(10097,500000.00,0.00,1.20,NULL,'2014-01-01','Project10097',0),(10098,500000.00,0.00,1.20,NULL,'2014-01-01','Project10098',0),(10099,500000.00,0.00,1.20,NULL,'2014-01-01','Project10099',0),(10100,500000.00,0.00,1.20,NULL,'2014-01-01','Project10100',0),(10101,500000.00,0.00,1.20,NULL,'2014-01-01','Project10101',0),(10102,500000.00,0.00,1.20,NULL,'2014-01-01','Project10102',0),(10103,500000.00,0.00,1.20,NULL,'2014-01-01','Project10103',0),(10104,500000.00,0.00,1.20,NULL,'2014-01-01','Project10104',0),(10105,500000.00,0.00,1.20,NULL,'2014-01-01','Project10105',0),(10106,500000.00,0.00,1.20,NULL,'2014-01-01','Project10106',0),(10107,500000.00,0.00,1.20,NULL,'2014-01-01','Project10107',0),(10108,500000.00,0.00,1.20,NULL,'2014-01-01','Project10108',0),(10109,500000.00,0.00,1.20,NULL,'2014-01-01','Project10109',0),(10110,500000.00,0.00,1.20,NULL,'2014-01-01','Project10110',0),(10111,500000.00,0.00,1.20,NULL,'2014-01-01','Project10111',0),(10112,500000.00,0.00,1.20,NULL,'2014-01-01','Project10112',0),(10113,500000.00,0.00,1.20,NULL,'2014-01-01','Project10113',0),(10114,500000.00,0.00,1.20,NULL,'2014-01-01','Project10114',0),(10115,500000.00,0.00,1.20,NULL,'2014-01-01','Project10115',0),(10116,500000.00,0.00,1.20,NULL,'2014-01-01','Project10116',0),(10117,500000.00,0.00,1.20,NULL,'2014-01-01','Project10117',0),(10118,500000.00,0.00,1.20,NULL,'2014-01-01','Project10118',0),(10119,500000.00,0.00,1.20,NULL,'2014-01-01','Project10119',0),(10120,500000.00,0.00,1.20,NULL,'2014-01-01','Project10120',0),(10121,500000.00,0.00,1.20,NULL,'2014-01-01','Project10121',0),(10122,500000.00,0.00,1.20,NULL,'2014-01-01','Project10122',0),(10123,500000.00,0.00,1.20,NULL,'2014-01-01','Project10123',0),(10124,500000.00,0.00,1.20,NULL,'2014-01-01','Project10124',0),(10125,500000.00,0.00,1.20,NULL,'2014-01-01','Project10125',0),(10126,500000.00,0.00,1.20,NULL,'2014-01-01','Project10126',0),(10127,500000.00,0.00,1.20,NULL,'2014-01-01','Project10127',0),(10128,500000.00,0.00,1.20,NULL,'2014-01-01','Project10128',0),(10129,500000.00,0.00,1.20,NULL,'2014-01-01','Project10129',0),(10130,500000.00,0.00,1.20,NULL,'2014-01-01','Project10130',0),(10131,500000.00,0.00,1.20,NULL,'2014-01-01','Project10131',0),(10132,500000.00,0.00,1.20,NULL,'2014-01-01','Project10132',0),(10133,500000.00,0.00,1.20,NULL,'2014-01-01','Project10133',0),(10134,500000.00,0.00,1.20,NULL,'2014-01-01','Project10134',0),(10135,500000.00,0.00,1.20,NULL,'2014-01-01','Project10135',0),(10136,500000.00,0.00,1.20,NULL,'2014-01-01','Project10136',0),(10137,500000.00,0.00,1.20,NULL,'2014-01-01','Project10137',0),(10138,500000.00,0.00,1.20,NULL,'2014-01-01','Project10138',0),(10139,500000.00,0.00,1.20,NULL,'2014-01-01','Project10139',0),(10140,500000.00,0.00,1.20,NULL,'2014-01-01','Project10140',0),(10141,500000.00,0.00,1.20,NULL,'2014-01-01','Project10141',0),(10142,500000.00,0.00,1.20,NULL,'2014-01-01','Project10142',0),(10143,500000.00,0.00,1.20,NULL,'2014-01-01','Project10143',0),(10144,500000.00,0.00,1.20,NULL,'2014-01-01','Project10144',0),(10145,500000.00,0.00,1.20,NULL,'2014-01-01','Project10145',0),(10146,500000.00,0.00,1.20,NULL,'2014-01-01','Project10146',0),(10147,500000.00,0.00,1.20,NULL,'2014-01-01','Project10147',0),(10148,500000.00,0.00,1.20,NULL,'2014-01-01','Project10148',0),(10149,500000.00,0.00,1.20,NULL,'2014-01-01','Project10149',0),(10150,500000.00,0.00,1.20,NULL,'2014-01-01','Project10150',0),(10151,500000.00,0.00,1.20,NULL,'2014-01-01','Project10151',0),(10152,500000.00,0.00,1.20,NULL,'2014-01-01','Project10152',0),(10153,500000.00,0.00,1.20,NULL,'2014-01-01','Project10153',0),(10154,500000.00,0.00,1.20,NULL,'2014-01-01','Project10154',0),(10155,500000.00,0.00,1.20,NULL,'2014-01-01','Project10155',0),(10156,500000.00,0.00,1.20,NULL,'2014-01-01','Project10156',0),(10157,500000.00,0.00,1.20,NULL,'2014-01-01','Project10157',0),(10158,500000.00,0.00,1.20,NULL,'2014-01-01','Project10158',0),(10159,500000.00,0.00,1.20,NULL,'2014-01-01','Project10159',0),(10160,500000.00,0.00,1.20,NULL,'2014-01-01','Project10160',0),(10161,500000.00,0.00,1.20,NULL,'2014-01-01','Project10161',0),(10162,500000.00,0.00,1.20,NULL,'2014-01-01','Project10162',0),(10163,500000.00,0.00,1.20,NULL,'2014-01-01','Project10163',0),(10164,500000.00,0.00,1.20,NULL,'2014-01-01','Project10164',0),(10165,500000.00,0.00,1.20,NULL,'2014-01-01','Project10165',0),(10166,500000.00,0.00,1.20,NULL,'2014-01-01','Project10166',0),(10167,500000.00,0.00,1.20,NULL,'2014-01-01','Project10167',0),(10168,500000.00,0.00,1.20,NULL,'2014-01-01','Project10168',0),(10169,500000.00,0.00,1.20,NULL,'2014-01-01','Project10169',0),(10170,500000.00,0.00,1.20,NULL,'2014-01-01','Project10170',0),(10171,500000.00,0.00,1.20,NULL,'2014-01-01','Project10171',0),(10172,500000.00,0.00,1.20,NULL,'2014-01-01','Project10172',0),(10173,500000.00,0.00,1.20,NULL,'2014-01-01','Project10173',0),(10174,500000.00,0.00,1.20,NULL,'2014-01-01','Project10174',0),(10175,500000.00,0.00,1.20,NULL,'2014-01-01','Project10175',0),(10176,500000.00,0.00,1.20,NULL,'2014-01-01','Project10176',0),(10177,500000.00,0.00,1.20,NULL,'2014-01-01','Project10177',0),(10178,500000.00,0.00,1.20,NULL,'2014-01-01','Project10178',0),(10179,500000.00,0.00,1.20,NULL,'2014-01-01','Project10179',0),(10180,500000.00,0.00,1.20,NULL,'2014-01-01','Project10180',0),(10181,500000.00,0.00,1.20,NULL,'2014-01-01','Project10181',0),(10182,500000.00,0.00,1.20,NULL,'2014-01-01','Project10182',0),(10183,500000.00,0.00,1.20,NULL,'2014-01-01','Project10183',0),(10184,500000.00,0.00,1.20,NULL,'2014-01-01','Project10184',0),(10185,500000.00,0.00,1.20,NULL,'2014-01-01','Project10185',0),(10186,500000.00,0.00,1.20,NULL,'2014-01-01','Project10186',0),(10187,500000.00,0.00,1.20,NULL,'2014-01-01','Project10187',0),(10188,500000.00,0.00,1.20,NULL,'2014-01-01','Project10188',0),(10189,500000.00,0.00,1.20,NULL,'2014-01-01','Project10189',0),(10190,500000.00,0.00,1.20,NULL,'2014-01-01','Project10190',0),(10191,500000.00,0.00,1.20,NULL,'2014-01-01','Project10191',0),(10192,500000.00,0.00,1.20,NULL,'2014-01-01','Project10192',0),(10193,500000.00,0.00,1.20,NULL,'2014-01-01','Project10193',0),(10194,500000.00,0.00,1.20,NULL,'2014-01-01','Project10194',0),(10195,500000.00,0.00,1.20,NULL,'2014-01-01','Project10195',0),(10196,500000.00,0.00,1.20,NULL,'2014-01-01','Project10196',0),(10197,500000.00,0.00,1.20,NULL,'2014-01-01','Project10197',0),(10198,500000.00,0.00,1.20,NULL,'2014-01-01','Project10198',0),(10199,500000.00,0.00,1.20,NULL,'2014-01-01','Project10199',0),(10200,500000.00,0.00,1.20,NULL,'2014-01-01','Project10200',0),(10201,500000.00,0.00,1.20,NULL,'2014-01-01','Project10201',0),(10202,500000.00,0.00,1.20,NULL,'2014-01-01','Project10202',0),(10203,500000.00,0.00,1.20,NULL,'2014-01-01','Project10203',0),(10204,500000.00,0.00,1.20,NULL,'2014-01-01','Project10204',0),(10205,500000.00,0.00,1.20,NULL,'2014-01-01','Project10205',0),(10206,500000.00,0.00,1.20,NULL,'2014-01-01','Project10206',0),(10207,500000.00,0.00,1.20,NULL,'2014-01-01','Project10207',0),(10208,500000.00,0.00,1.20,NULL,'2014-01-01','Project10208',0),(10209,500000.00,0.00,1.20,NULL,'2014-01-01','Project10209',0),(10210,500000.00,0.00,1.20,NULL,'2014-01-01','Project10210',0),(10211,500000.00,0.00,1.20,NULL,'2014-01-01','Project10211',0),(10212,500000.00,0.00,1.20,NULL,'2014-01-01','Project10212',0),(10213,500000.00,0.00,1.20,NULL,'2014-01-01','Project10213',0),(10214,500000.00,0.00,1.20,NULL,'2014-01-01','Project10214',0),(10215,500000.00,0.00,1.20,NULL,'2014-01-01','Project10215',0),(10216,500000.00,0.00,1.20,NULL,'2014-01-01','Project10216',0),(10217,500000.00,0.00,1.20,NULL,'2014-01-01','Project10217',0),(10218,500000.00,0.00,1.20,NULL,'2014-01-01','Project10218',0),(10219,500000.00,0.00,1.20,NULL,'2014-01-01','Project10219',0),(10220,500000.00,0.00,1.20,NULL,'2014-01-01','Project10220',0),(10221,500000.00,0.00,1.20,NULL,'2014-01-01','Project10221',0),(10222,500000.00,0.00,1.20,NULL,'2014-01-01','Project10222',0),(10223,500000.00,0.00,1.20,NULL,'2014-01-01','Project10223',0),(10224,500000.00,0.00,1.20,NULL,'2014-01-01','Project10224',0),(10225,500000.00,0.00,1.20,NULL,'2014-01-01','Project10225',0),(10226,500000.00,0.00,1.20,NULL,'2014-01-01','Project10226',0),(10227,500000.00,0.00,1.20,NULL,'2014-01-01','Project10227',0),(10228,500000.00,0.00,1.20,NULL,'2014-01-01','Project10228',0),(10229,500000.00,0.00,1.20,NULL,'2014-01-01','Project10229',0),(10230,500000.00,0.00,1.20,NULL,'2014-01-01','Project10230',0),(10231,500000.00,0.00,1.20,NULL,'2014-01-01','Project10231',0),(10232,500000.00,0.00,1.20,NULL,'2014-01-01','Project10232',0),(10233,500000.00,0.00,1.20,NULL,'2014-01-01','Project10233',0),(10234,500000.00,0.00,1.20,NULL,'2014-01-01','Project10234',0),(10235,500000.00,0.00,1.20,NULL,'2014-01-01','Project10235',0),(10236,500000.00,0.00,1.20,NULL,'2014-01-01','Project10236',0),(10237,500000.00,0.00,1.20,NULL,'2014-01-01','Project10237',0),(10238,500000.00,0.00,1.20,NULL,'2014-01-01','Project10238',0),(10239,500000.00,0.00,1.20,NULL,'2014-01-01','Project10239',0),(10240,500000.00,0.00,1.20,NULL,'2014-01-01','Project10240',0),(10241,500000.00,0.00,1.20,NULL,'2014-01-01','Project10241',0),(10242,500000.00,0.00,1.20,NULL,'2014-01-01','Project10242',0),(10243,500000.00,0.00,1.20,NULL,'2014-01-01','Project10243',0),(10244,500000.00,0.00,1.20,NULL,'2014-01-01','Project10244',0),(10245,500000.00,0.00,1.20,NULL,'2014-01-01','Project10245',0),(10246,500000.00,0.00,1.20,NULL,'2014-01-01','Project10246',0),(10247,500000.00,0.00,1.20,NULL,'2014-01-01','Project10247',0),(10248,500000.00,0.00,1.20,NULL,'2014-01-01','Project10248',0),(10249,500000.00,0.00,1.20,NULL,'2014-01-01','Project10249',0),(10250,500000.00,0.00,1.20,NULL,'2014-01-01','Project10250',0),(10251,500000.00,0.00,1.20,NULL,'2014-01-01','Project10251',0),(10252,500000.00,0.00,1.20,NULL,'2014-01-01','Project10252',0),(10253,500000.00,0.00,1.20,NULL,'2014-01-01','Project10253',0),(10254,500000.00,0.00,1.20,NULL,'2014-01-01','Project10254',0),(10255,500000.00,0.00,1.20,NULL,'2014-01-01','Project10255',0),(10256,500000.00,0.00,1.20,NULL,'2014-01-01','Project10256',0),(10257,500000.00,0.00,1.20,NULL,'2014-01-01','Project10257',0),(10258,500000.00,0.00,1.20,NULL,'2014-01-01','Project10258',0),(10259,500000.00,0.00,1.20,NULL,'2014-01-01','Project10259',0),(10260,500000.00,0.00,1.20,NULL,'2014-01-01','Project10260',0),(10261,500000.00,0.00,1.20,NULL,'2014-01-01','Project10261',0),(10262,500000.00,0.00,1.20,NULL,'2014-01-01','Project10262',0),(10263,500000.00,0.00,1.20,NULL,'2014-01-01','Project10263',0),(10264,500000.00,0.00,1.20,NULL,'2014-01-01','Project10264',0),(10265,500000.00,0.00,1.20,NULL,'2014-01-01','Project10265',0),(10266,500000.00,0.00,1.20,NULL,'2014-01-01','Project10266',0),(10267,500000.00,0.00,1.20,NULL,'2014-01-01','Project10267',0),(10268,500000.00,0.00,1.20,NULL,'2014-01-01','Project10268',0),(10269,500000.00,0.00,1.20,NULL,'2014-01-01','Project10269',0),(10270,500000.00,0.00,1.20,NULL,'2014-01-01','Project10270',0),(10271,500000.00,0.00,1.20,NULL,'2014-01-01','Project10271',0),(10272,500000.00,0.00,1.20,NULL,'2014-01-01','Project10272',0),(10273,500000.00,0.00,1.20,NULL,'2014-01-01','Project10273',0),(10274,500000.00,0.00,1.20,NULL,'2014-01-01','Project10274',0),(10275,500000.00,0.00,1.20,NULL,'2014-01-01','Project10275',0),(10276,500000.00,0.00,1.20,NULL,'2014-01-01','Project10276',0),(10277,500000.00,0.00,1.20,NULL,'2014-01-01','Project10277',0),(10278,500000.00,0.00,1.20,NULL,'2014-01-01','Project10278',0),(10279,500000.00,0.00,1.20,NULL,'2014-01-01','Project10279',0),(10280,500000.00,0.00,1.20,NULL,'2014-01-01','Project10280',0),(10281,500000.00,0.00,1.20,NULL,'2014-01-01','Project10281',0),(10282,500000.00,0.00,1.20,NULL,'2014-01-01','Project10282',0),(10283,500000.00,0.00,1.20,NULL,'2014-01-01','Project10283',0),(10284,500000.00,0.00,1.20,NULL,'2014-01-01','Project10284',0),(10285,500000.00,0.00,1.20,NULL,'2014-01-01','Project10285',0),(10286,500000.00,0.00,1.20,NULL,'2014-01-01','Project10286',0),(10287,500000.00,0.00,1.20,NULL,'2014-01-01','Project10287',0),(10288,500000.00,0.00,1.20,NULL,'2014-01-01','Project10288',0),(10289,500000.00,0.00,1.20,NULL,'2014-01-01','Project10289',0),(10290,500000.00,0.00,1.20,NULL,'2014-01-01','Project10290',0),(10291,500000.00,0.00,1.20,NULL,'2014-01-01','Project10291',0),(10292,500000.00,0.00,1.20,NULL,'2014-01-01','Project10292',0),(10293,500000.00,0.00,1.20,NULL,'2014-01-01','Project10293',0),(10294,500000.00,0.00,1.20,NULL,'2014-01-01','Project10294',0),(10295,500000.00,0.00,1.20,NULL,'2014-01-01','Project10295',0),(10296,500000.00,0.00,1.20,NULL,'2014-01-01','Project10296',0),(10297,500000.00,0.00,1.20,NULL,'2014-01-01','Project10297',0),(10298,500000.00,0.00,1.20,NULL,'2014-01-01','Project10298',0),(10299,500000.00,0.00,1.20,NULL,'2014-01-01','Project10299',0),(10300,500000.00,0.00,1.20,NULL,'2014-01-01','Project10300',0),(10301,500000.00,0.00,1.20,NULL,'2014-01-01','Project10301',0),(10302,500000.00,0.00,1.20,NULL,'2014-01-01','Project10302',0),(10303,500000.00,0.00,1.20,NULL,'2014-01-01','Project10303',0),(10304,500000.00,0.00,1.20,NULL,'2014-01-01','Project10304',0),(10305,500000.00,0.00,1.20,NULL,'2014-01-01','Project10305',0),(10306,500000.00,0.00,1.20,NULL,'2014-01-01','Project10306',0),(10307,500000.00,0.00,1.20,NULL,'2014-01-01','Project10307',0),(10308,500000.00,0.00,1.20,NULL,'2014-01-01','Project10308',0),(10309,500000.00,0.00,1.20,NULL,'2014-01-01','Project10309',0),(10310,500000.00,0.00,1.20,NULL,'2014-01-01','Project10310',0),(10311,500000.00,0.00,1.20,NULL,'2014-01-01','Project10311',0),(10312,500000.00,0.00,1.20,NULL,'2014-01-01','Project10312',0),(10313,500000.00,0.00,1.20,NULL,'2014-01-01','Project10313',0),(10314,500000.00,0.00,1.20,NULL,'2014-01-01','Project10314',0),(10315,500000.00,0.00,1.20,NULL,'2014-01-01','Project10315',0),(10316,500000.00,0.00,1.20,NULL,'2014-01-01','Project10316',0),(10317,500000.00,0.00,1.20,NULL,'2014-01-01','Project10317',0),(10318,500000.00,0.00,1.20,NULL,'2014-01-01','Project10318',0),(10319,500000.00,0.00,1.20,NULL,'2014-01-01','Project10319',0),(10320,500000.00,0.00,1.20,NULL,'2014-01-01','Project10320',0),(10321,500000.00,0.00,1.20,NULL,'2014-01-01','Project10321',0),(10322,500000.00,0.00,1.20,NULL,'2014-01-01','Project10322',0),(10323,500000.00,0.00,1.20,NULL,'2014-01-01','Project10323',0),(10324,500000.00,0.00,1.20,NULL,'2014-01-01','Project10324',0),(10325,500000.00,0.00,1.20,NULL,'2014-01-01','Project10325',0),(10326,500000.00,0.00,1.20,NULL,'2014-01-01','Project10326',0),(10327,500000.00,0.00,1.20,NULL,'2014-01-01','Project10327',0),(10328,500000.00,0.00,1.20,NULL,'2014-01-01','Project10328',0),(10329,500000.00,0.00,1.20,NULL,'2014-01-01','Project10329',0),(10330,500000.00,0.00,1.20,NULL,'2014-01-01','Project10330',0),(10331,500000.00,0.00,1.20,NULL,'2014-01-01','Project10331',0),(10332,500000.00,0.00,1.20,NULL,'2014-01-01','Project10332',0),(10333,500000.00,0.00,1.20,NULL,'2014-01-01','Project10333',0),(10334,500000.00,0.00,1.20,NULL,'2014-01-01','Project10334',0),(10335,500000.00,0.00,1.20,NULL,'2014-01-01','Project10335',0),(10336,500000.00,0.00,1.20,NULL,'2014-01-01','Project10336',0),(10337,500000.00,0.00,1.20,NULL,'2014-01-01','Project10337',0),(10338,500000.00,0.00,1.20,NULL,'2014-01-01','Project10338',0),(10339,500000.00,0.00,1.20,NULL,'2014-01-01','Project10339',0),(10340,500000.00,0.00,1.20,NULL,'2014-01-01','Project10340',0),(10341,500000.00,0.00,1.20,NULL,'2014-01-01','Project10341',0),(10342,500000.00,0.00,1.20,NULL,'2014-01-01','Project10342',0),(10343,500000.00,0.00,1.20,NULL,'2014-01-01','Project10343',0),(10344,500000.00,0.00,1.20,NULL,'2014-01-01','Project10344',0),(10345,500000.00,0.00,1.20,NULL,'2014-01-01','Project10345',0),(10346,500000.00,0.00,1.20,NULL,'2014-01-01','Project10346',0),(10347,500000.00,0.00,1.20,NULL,'2014-01-01','Project10347',0),(10348,500000.00,0.00,1.20,NULL,'2014-01-01','Project10348',0),(10349,500000.00,0.00,1.20,NULL,'2014-01-01','Project10349',0),(10350,500000.00,0.00,1.20,NULL,'2014-01-01','Project10350',0),(10351,500000.00,0.00,1.20,NULL,'2014-01-01','Project10351',0),(10352,500000.00,0.00,1.20,NULL,'2014-01-01','Project10352',0),(10353,500000.00,0.00,1.20,NULL,'2014-01-01','Project10353',0),(10354,500000.00,0.00,1.20,NULL,'2014-01-01','Project10354',0),(10355,500000.00,0.00,1.20,NULL,'2014-01-01','Project10355',0),(10356,500000.00,0.00,1.20,NULL,'2014-01-01','Project10356',0),(10357,500000.00,0.00,1.20,NULL,'2014-01-01','Project10357',0),(10358,500000.00,0.00,1.20,NULL,'2014-01-01','Project10358',0),(10359,500000.00,0.00,1.20,NULL,'2014-01-01','Project10359',0),(10360,500000.00,0.00,1.20,NULL,'2014-01-01','Project10360',0),(10361,500000.00,0.00,1.20,NULL,'2014-01-01','Project10361',0),(10362,500000.00,0.00,1.20,NULL,'2014-01-01','Project10362',0),(10363,500000.00,0.00,1.20,NULL,'2014-01-01','Project10363',0),(10364,500000.00,0.00,1.20,NULL,'2014-01-01','Project10364',0),(10365,500000.00,0.00,1.20,NULL,'2014-01-01','Project10365',0),(10366,500000.00,0.00,1.20,NULL,'2014-01-01','Project10366',0),(10367,500000.00,0.00,1.20,NULL,'2014-01-01','Project10367',0),(10368,500000.00,0.00,1.20,NULL,'2014-01-01','Project10368',0),(10369,500000.00,0.00,1.20,NULL,'2014-01-01','Project10369',0),(10370,500000.00,0.00,1.20,NULL,'2014-01-01','Project10370',0),(10371,500000.00,0.00,1.20,NULL,'2014-01-01','Project10371',0),(10372,500000.00,0.00,1.20,NULL,'2014-01-01','Project10372',0),(10373,500000.00,0.00,1.20,NULL,'2014-01-01','Project10373',0),(10374,500000.00,0.00,1.20,NULL,'2014-01-01','Project10374',0),(10375,500000.00,0.00,1.20,NULL,'2014-01-01','Project10375',0),(10376,500000.00,0.00,1.20,NULL,'2014-01-01','Project10376',0),(10377,500000.00,0.00,1.20,NULL,'2014-01-01','Project10377',0),(10378,500000.00,0.00,1.20,NULL,'2014-01-01','Project10378',0),(10379,500000.00,0.00,1.20,NULL,'2014-01-01','Project10379',0),(10380,500000.00,0.00,1.20,NULL,'2014-01-01','Project10380',0),(10381,500000.00,0.00,1.20,NULL,'2014-01-01','Project10381',0),(10382,500000.00,0.00,1.20,NULL,'2014-01-01','Project10382',0),(10383,500000.00,0.00,1.20,NULL,'2014-01-01','Project10383',0),(10384,500000.00,0.00,1.20,NULL,'2014-01-01','Project10384',0),(10385,500000.00,0.00,1.20,NULL,'2014-01-01','Project10385',0),(10386,500000.00,0.00,1.20,NULL,'2014-01-01','Project10386',0),(10387,500000.00,0.00,1.20,NULL,'2014-01-01','Project10387',0),(10388,500000.00,0.00,1.20,NULL,'2014-01-01','Project10388',0),(10389,500000.00,0.00,1.20,NULL,'2014-01-01','Project10389',0),(10390,500000.00,0.00,1.20,NULL,'2014-01-01','Project10390',0),(10391,500000.00,0.00,1.20,NULL,'2014-01-01','Project10391',0),(10392,500000.00,0.00,1.20,NULL,'2014-01-01','Project10392',0),(10393,500000.00,0.00,1.20,NULL,'2014-01-01','Project10393',0),(10394,500000.00,0.00,1.20,NULL,'2014-01-01','Project10394',0),(10395,500000.00,0.00,1.20,NULL,'2014-01-01','Project10395',0),(10396,500000.00,0.00,1.20,NULL,'2014-01-01','Project10396',0),(10397,500000.00,0.00,1.20,NULL,'2014-01-01','Project10397',0),(10398,500000.00,0.00,1.20,NULL,'2014-01-01','Project10398',0),(10399,500000.00,0.00,1.20,NULL,'2014-01-01','Project10399',0),(10400,500000.00,0.00,1.20,NULL,'2014-01-01','Project10400',0),(10401,500000.00,0.00,1.20,NULL,'2014-01-01','Project10401',0),(10402,500000.00,0.00,1.20,NULL,'2014-01-01','Project10402',0),(10403,500000.00,0.00,1.20,NULL,'2014-01-01','Project10403',0),(10404,500000.00,0.00,1.20,NULL,'2014-01-01','Project10404',0),(10405,500000.00,0.00,1.20,NULL,'2014-01-01','Project10405',0),(10406,500000.00,0.00,1.20,NULL,'2014-01-01','Project10406',0),(10407,500000.00,0.00,1.20,NULL,'2014-01-01','Project10407',0),(10408,500000.00,0.00,1.20,NULL,'2014-01-01','Project10408',0),(10409,500000.00,0.00,1.20,NULL,'2014-01-01','Project10409',0),(10410,500000.00,0.00,1.20,NULL,'2014-01-01','Project10410',0),(10411,500000.00,0.00,1.20,NULL,'2014-01-01','Project10411',0),(10412,500000.00,0.00,1.20,NULL,'2014-01-01','Project10412',0),(10413,500000.00,0.00,1.20,NULL,'2014-01-01','Project10413',0),(10414,500000.00,0.00,1.20,NULL,'2014-01-01','Project10414',0),(10415,500000.00,0.00,1.20,NULL,'2014-01-01','Project10415',0),(10416,500000.00,0.00,1.20,NULL,'2014-01-01','Project10416',0),(10417,500000.00,0.00,1.20,NULL,'2014-01-01','Project10417',0),(10418,500000.00,0.00,1.20,NULL,'2014-01-01','Project10418',0),(10419,500000.00,0.00,1.20,NULL,'2014-01-01','Project10419',0),(10420,500000.00,0.00,1.20,NULL,'2014-01-01','Project10420',0),(10421,500000.00,0.00,1.20,NULL,'2014-01-01','Project10421',0),(10422,500000.00,0.00,1.20,NULL,'2014-01-01','Project10422',0),(10423,500000.00,0.00,1.20,NULL,'2014-01-01','Project10423',0),(10424,500000.00,0.00,1.20,NULL,'2014-01-01','Project10424',0),(10425,500000.00,0.00,1.20,NULL,'2014-01-01','Project10425',0),(10426,500000.00,0.00,1.20,NULL,'2014-01-01','Project10426',0),(10427,500000.00,0.00,1.20,NULL,'2014-01-01','Project10427',0),(10428,500000.00,0.00,1.20,NULL,'2014-01-01','Project10428',0),(10429,500000.00,0.00,1.20,NULL,'2014-01-01','Project10429',0),(10430,500000.00,0.00,1.20,NULL,'2014-01-01','Project10430',0),(10431,500000.00,0.00,1.20,NULL,'2014-01-01','Project10431',0),(10432,500000.00,0.00,1.20,NULL,'2014-01-01','Project10432',0),(10433,500000.00,0.00,1.20,NULL,'2014-01-01','Project10433',0),(10434,500000.00,0.00,1.20,NULL,'2014-01-01','Project10434',0),(10435,500000.00,0.00,1.20,NULL,'2014-01-01','Project10435',0),(10436,500000.00,0.00,1.20,NULL,'2014-01-01','Project10436',0),(10437,500000.00,0.00,1.20,NULL,'2014-01-01','Project10437',0),(10438,500000.00,0.00,1.20,NULL,'2014-01-01','Project10438',0),(10439,500000.00,0.00,1.20,NULL,'2014-01-01','Project10439',0),(10440,500000.00,0.00,1.20,NULL,'2014-01-01','Project10440',0),(10441,500000.00,0.00,1.20,NULL,'2014-01-01','Project10441',0),(10442,500000.00,0.00,1.20,NULL,'2014-01-01','Project10442',0),(10443,500000.00,0.00,1.20,NULL,'2014-01-01','Project10443',0),(10444,500000.00,0.00,1.20,NULL,'2014-01-01','Project10444',0),(10445,500000.00,0.00,1.20,NULL,'2014-01-01','Project10445',0),(10446,500000.00,0.00,1.20,NULL,'2014-01-01','Project10446',0),(10447,500000.00,0.00,1.20,NULL,'2014-01-01','Project10447',0),(10448,500000.00,0.00,1.20,NULL,'2014-01-01','Project10448',0),(10449,500000.00,0.00,1.20,NULL,'2014-01-01','Project10449',0),(10450,500000.00,0.00,1.20,NULL,'2014-01-01','Project10450',0),(10451,500000.00,0.00,1.20,NULL,'2014-01-01','Project10451',0),(10452,500000.00,0.00,1.20,NULL,'2014-01-01','Project10452',0),(10453,500000.00,0.00,1.20,NULL,'2014-01-01','Project10453',0),(10454,500000.00,0.00,1.20,NULL,'2014-01-01','Project10454',0),(10455,500000.00,0.00,1.20,NULL,'2014-01-01','Project10455',0),(10456,500000.00,0.00,1.20,NULL,'2014-01-01','Project10456',0),(10457,500000.00,0.00,1.20,NULL,'2014-01-01','Project10457',0),(10458,500000.00,0.00,1.20,NULL,'2014-01-01','Project10458',0),(10459,500000.00,0.00,1.20,NULL,'2014-01-01','Project10459',0),(10460,500000.00,0.00,1.20,NULL,'2014-01-01','Project10460',0),(10461,500000.00,0.00,1.20,NULL,'2014-01-01','Project10461',0),(10462,500000.00,0.00,1.20,NULL,'2014-01-01','Project10462',0),(10463,500000.00,0.00,1.20,NULL,'2014-01-01','Project10463',0),(10464,500000.00,0.00,1.20,NULL,'2014-01-01','Project10464',0),(10465,500000.00,0.00,1.20,NULL,'2014-01-01','Project10465',0),(10466,500000.00,0.00,1.20,NULL,'2014-01-01','Project10466',0),(10467,500000.00,0.00,1.20,NULL,'2014-01-01','Project10467',0),(10468,500000.00,0.00,1.20,NULL,'2014-01-01','Project10468',0),(10469,500000.00,0.00,1.20,NULL,'2014-01-01','Project10469',0),(10470,500000.00,0.00,1.20,NULL,'2014-01-01','Project10470',0),(10471,500000.00,0.00,1.20,NULL,'2014-01-01','Project10471',0),(10472,500000.00,0.00,1.20,NULL,'2014-01-01','Project10472',0),(10473,500000.00,0.00,1.20,NULL,'2014-01-01','Project10473',0),(10474,500000.00,0.00,1.20,NULL,'2014-01-01','Project10474',0),(10475,500000.00,0.00,1.20,NULL,'2014-01-01','Project10475',0),(10476,500000.00,0.00,1.20,NULL,'2014-01-01','Project10476',0),(10477,500000.00,0.00,1.20,NULL,'2014-01-01','Project10477',0),(10478,500000.00,0.00,1.20,NULL,'2014-01-01','Project10478',0),(10479,500000.00,0.00,1.20,NULL,'2014-01-01','Project10479',0),(10480,500000.00,0.00,1.20,NULL,'2014-01-01','Project10480',0),(10481,500000.00,0.00,1.20,NULL,'2014-01-01','Project10481',0),(10482,500000.00,0.00,1.20,NULL,'2014-01-01','Project10482',0),(10483,500000.00,0.00,1.20,NULL,'2014-01-01','Project10483',0),(10484,500000.00,0.00,1.20,NULL,'2014-01-01','Project10484',0),(10485,500000.00,0.00,1.20,NULL,'2014-01-01','Project10485',0),(10486,500000.00,0.00,1.20,NULL,'2014-01-01','Project10486',0),(10487,500000.00,0.00,1.20,NULL,'2014-01-01','Project10487',0),(10488,500000.00,0.00,1.20,NULL,'2014-01-01','Project10488',0),(10489,500000.00,0.00,1.20,NULL,'2014-01-01','Project10489',0),(10490,500000.00,0.00,1.20,NULL,'2014-01-01','Project10490',0),(10491,500000.00,0.00,1.20,NULL,'2014-01-01','Project10491',0),(10492,500000.00,0.00,1.20,NULL,'2014-01-01','Project10492',0),(10493,500000.00,0.00,1.20,NULL,'2014-01-01','Project10493',0),(10494,500000.00,0.00,1.20,NULL,'2014-01-01','Project10494',0),(10495,500000.00,0.00,1.20,NULL,'2014-01-01','Project10495',0),(10496,500000.00,0.00,1.20,NULL,'2014-01-01','Project10496',0),(10497,500000.00,0.00,1.20,NULL,'2014-01-01','Project10497',0),(10498,500000.00,0.00,1.20,NULL,'2014-01-01','Project10498',0),(10499,500000.00,0.00,1.20,NULL,'2014-01-01','Project10499',0),(10500,500000.00,0.00,1.20,NULL,'2014-01-01','Project10500',0),(10501,500000.00,0.00,1.20,NULL,'2014-01-01','Project10501',0),(10502,500000.00,0.00,1.20,NULL,'2014-01-01','Project10502',0),(10503,500000.00,0.00,1.20,NULL,'2014-01-01','Project10503',0),(10504,500000.00,0.00,1.20,NULL,'2014-01-01','Project10504',0),(10505,500000.00,0.00,1.20,NULL,'2014-01-01','Project10505',0),(10506,500000.00,0.00,1.20,NULL,'2014-01-01','Project10506',0),(10507,500000.00,0.00,1.20,NULL,'2014-01-01','Project10507',0),(10508,500000.00,0.00,1.20,NULL,'2014-01-01','Project10508',0),(10509,500000.00,0.00,1.20,NULL,'2014-01-01','Project10509',0),(10510,500000.00,0.00,1.20,NULL,'2014-01-01','Project10510',0),(10511,500000.00,0.00,1.20,NULL,'2014-01-01','Project10511',0),(10512,500000.00,0.00,1.20,NULL,'2014-01-01','Project10512',0),(10513,500000.00,0.00,1.20,NULL,'2014-01-01','Project10513',0),(10514,500000.00,0.00,1.20,NULL,'2014-01-01','Project10514',0),(10515,500000.00,0.00,1.20,NULL,'2014-01-01','Project10515',0),(10516,500000.00,0.00,1.20,NULL,'2014-01-01','Project10516',0),(10517,500000.00,0.00,1.20,NULL,'2014-01-01','Project10517',0),(10518,500000.00,0.00,1.20,NULL,'2014-01-01','Project10518',0),(10519,500000.00,0.00,1.20,NULL,'2014-01-01','Project10519',0),(10520,500000.00,0.00,1.20,NULL,'2014-01-01','Project10520',0),(10521,500000.00,0.00,1.20,NULL,'2014-01-01','Project10521',0),(10522,500000.00,0.00,1.20,NULL,'2014-01-01','Project10522',0),(10523,500000.00,0.00,1.20,NULL,'2014-01-01','Project10523',0),(10524,500000.00,0.00,1.20,NULL,'2014-01-01','Project10524',0),(10525,500000.00,0.00,1.20,NULL,'2014-01-01','Project10525',0),(10526,500000.00,0.00,1.20,NULL,'2014-01-01','Project10526',0),(10527,500000.00,0.00,1.20,NULL,'2014-01-01','Project10527',0),(10528,500000.00,0.00,1.20,NULL,'2014-01-01','Project10528',0),(10529,500000.00,0.00,1.20,NULL,'2014-01-01','Project10529',0),(10530,500000.00,0.00,1.20,NULL,'2014-01-01','Project10530',0),(10531,500000.00,0.00,1.20,NULL,'2014-01-01','Project10531',0),(10532,500000.00,0.00,1.20,NULL,'2014-01-01','Project10532',0),(10533,500000.00,0.00,1.20,NULL,'2014-01-01','Project10533',0),(10534,500000.00,0.00,1.20,NULL,'2014-01-01','Project10534',0),(10535,500000.00,0.00,1.20,NULL,'2014-01-01','Project10535',0),(10536,500000.00,0.00,1.20,NULL,'2014-01-01','Project10536',0),(10537,500000.00,0.00,1.20,NULL,'2014-01-01','Project10537',0),(10538,500000.00,0.00,1.20,NULL,'2014-01-01','Project10538',0),(10539,500000.00,0.00,1.20,NULL,'2014-01-01','Project10539',0),(10540,500000.00,0.00,1.20,NULL,'2014-01-01','Project10540',0),(10541,500000.00,0.00,1.20,NULL,'2014-01-01','Project10541',0),(10542,500000.00,0.00,1.20,NULL,'2014-01-01','Project10542',0),(10543,500000.00,0.00,1.20,NULL,'2014-01-01','Project10543',0),(10544,500000.00,0.00,1.20,NULL,'2014-01-01','Project10544',0),(10545,500000.00,0.00,1.20,NULL,'2014-01-01','Project10545',0),(10546,500000.00,0.00,1.20,NULL,'2014-01-01','Project10546',0),(10547,500000.00,0.00,1.20,NULL,'2014-01-01','Project10547',0),(10548,500000.00,0.00,1.20,NULL,'2014-01-01','Project10548',0),(10549,500000.00,0.00,1.20,NULL,'2014-01-01','Project10549',0),(10550,500000.00,0.00,1.20,NULL,'2014-01-01','Project10550',0),(10551,500000.00,0.00,1.20,NULL,'2014-01-01','Project10551',0),(10552,500000.00,0.00,1.20,NULL,'2014-01-01','Project10552',0),(10553,500000.00,0.00,1.20,NULL,'2014-01-01','Project10553',0),(10554,500000.00,0.00,1.20,NULL,'2014-01-01','Project10554',0),(10555,500000.00,0.00,1.20,NULL,'2014-01-01','Project10555',0),(10556,500000.00,0.00,1.20,NULL,'2014-01-01','Project10556',0),(10557,500000.00,0.00,1.20,NULL,'2014-01-01','Project10557',0),(10558,500000.00,0.00,1.20,NULL,'2014-01-01','Project10558',0),(10559,500000.00,0.00,1.20,NULL,'2014-01-01','Project10559',0),(10560,500000.00,0.00,1.20,NULL,'2014-01-01','Project10560',0),(10561,500000.00,0.00,1.20,NULL,'2014-01-01','Project10561',0),(10562,500000.00,0.00,1.20,NULL,'2014-01-01','Project10562',0),(10563,500000.00,0.00,1.20,NULL,'2014-01-01','Project10563',0),(10564,500000.00,0.00,1.20,NULL,'2014-01-01','Project10564',0),(10565,500000.00,0.00,1.20,NULL,'2014-01-01','Project10565',0),(10566,500000.00,0.00,1.20,NULL,'2014-01-01','Project10566',0),(10567,500000.00,0.00,1.20,NULL,'2014-01-01','Project10567',0),(10568,500000.00,0.00,1.20,NULL,'2014-01-01','Project10568',0),(10569,500000.00,0.00,1.20,NULL,'2014-01-01','Project10569',0),(10570,500000.00,0.00,1.20,NULL,'2014-01-01','Project10570',0),(10571,500000.00,0.00,1.20,NULL,'2014-01-01','Project10571',0),(10572,500000.00,0.00,1.20,NULL,'2014-01-01','Project10572',0),(10573,500000.00,0.00,1.20,NULL,'2014-01-01','Project10573',0),(10574,500000.00,0.00,1.20,NULL,'2014-01-01','Project10574',0),(10575,500000.00,0.00,1.20,NULL,'2014-01-01','Project10575',0),(10576,500000.00,0.00,1.20,NULL,'2014-01-01','Project10576',0),(10577,500000.00,0.00,1.20,NULL,'2014-01-01','Project10577',0),(10578,500000.00,0.00,1.20,NULL,'2014-01-01','Project10578',0),(10579,500000.00,0.00,1.20,NULL,'2014-01-01','Project10579',0),(10580,500000.00,0.00,1.20,NULL,'2014-01-01','Project10580',0),(10581,500000.00,0.00,1.20,NULL,'2014-01-01','Project10581',0),(10582,500000.00,0.00,1.20,NULL,'2014-01-01','Project10582',0),(10583,500000.00,0.00,1.20,NULL,'2014-01-01','Project10583',0),(10584,500000.00,0.00,1.20,NULL,'2014-01-01','Project10584',0),(10585,500000.00,0.00,1.20,NULL,'2014-01-01','Project10585',0),(10586,500000.00,0.00,1.20,NULL,'2014-01-01','Project10586',0),(10587,500000.00,0.00,1.20,NULL,'2014-01-01','Project10587',0),(10588,500000.00,0.00,1.20,NULL,'2014-01-01','Project10588',0),(10589,500000.00,0.00,1.20,NULL,'2014-01-01','Project10589',0),(10590,500000.00,0.00,1.20,NULL,'2014-01-01','Project10590',0),(10591,500000.00,0.00,1.20,NULL,'2014-01-01','Project10591',0),(10592,500000.00,0.00,1.20,NULL,'2014-01-01','Project10592',0),(10593,500000.00,0.00,1.20,NULL,'2014-01-01','Project10593',0),(10594,500000.00,0.00,1.20,NULL,'2014-01-01','Project10594',0),(10595,500000.00,0.00,1.20,NULL,'2014-01-01','Project10595',0),(10596,500000.00,0.00,1.20,NULL,'2014-01-01','Project10596',0),(10597,500000.00,0.00,1.20,NULL,'2014-01-01','Project10597',0),(10598,500000.00,0.00,1.20,NULL,'2014-01-01','Project10598',0),(10599,500000.00,0.00,1.20,NULL,'2014-01-01','Project10599',0),(10600,500000.00,0.00,1.20,NULL,'2014-01-01','Project10600',0),(10601,500000.00,0.00,1.20,NULL,'2014-01-01','Project10601',0),(10602,500000.00,0.00,1.20,NULL,'2014-01-01','Project10602',0),(10603,500000.00,0.00,1.20,NULL,'2014-01-01','Project10603',0),(10604,500000.00,0.00,1.20,NULL,'2014-01-01','Project10604',0),(10605,500000.00,0.00,1.20,NULL,'2014-01-01','Project10605',0),(10606,500000.00,0.00,1.20,NULL,'2014-01-01','Project10606',0),(10607,500000.00,0.00,1.20,NULL,'2014-01-01','Project10607',0),(10608,500000.00,0.00,1.20,NULL,'2014-01-01','Project10608',0),(10609,500000.00,0.00,1.20,NULL,'2014-01-01','Project10609',0),(10610,500000.00,0.00,1.20,NULL,'2014-01-01','Project10610',0),(10611,500000.00,0.00,1.20,NULL,'2014-01-01','Project10611',0),(10612,500000.00,0.00,1.20,NULL,'2014-01-01','Project10612',0),(10613,500000.00,0.00,1.20,NULL,'2014-01-01','Project10613',0),(10614,500000.00,0.00,1.20,NULL,'2014-01-01','Project10614',0),(10615,500000.00,0.00,1.20,NULL,'2014-01-01','Project10615',0),(10616,500000.00,0.00,1.20,NULL,'2014-01-01','Project10616',0),(10617,500000.00,0.00,1.20,NULL,'2014-01-01','Project10617',0),(10618,500000.00,0.00,1.20,NULL,'2014-01-01','Project10618',0),(10619,500000.00,0.00,1.20,NULL,'2014-01-01','Project10619',0),(10620,500000.00,0.00,1.20,NULL,'2014-01-01','Project10620',0),(10621,500000.00,0.00,1.20,NULL,'2014-01-01','Project10621',0),(10622,500000.00,0.00,1.20,NULL,'2014-01-01','Project10622',0),(10623,500000.00,0.00,1.20,NULL,'2014-01-01','Project10623',0),(10624,500000.00,0.00,1.20,NULL,'2014-01-01','Project10624',0),(10625,500000.00,0.00,1.20,NULL,'2014-01-01','Project10625',0),(10626,500000.00,0.00,1.20,NULL,'2014-01-01','Project10626',0),(10627,500000.00,0.00,1.20,NULL,'2014-01-01','Project10627',0),(10628,500000.00,0.00,1.20,NULL,'2014-01-01','Project10628',0),(10629,500000.00,0.00,1.20,NULL,'2014-01-01','Project10629',0),(10630,500000.00,0.00,1.20,NULL,'2014-01-01','Project10630',0),(10631,500000.00,0.00,1.20,NULL,'2014-01-01','Project10631',0),(10632,500000.00,0.00,1.20,NULL,'2014-01-01','Project10632',0),(10633,500000.00,0.00,1.20,NULL,'2014-01-01','Project10633',0),(10634,500000.00,0.00,1.20,NULL,'2014-01-01','Project10634',0),(10635,500000.00,0.00,1.20,NULL,'2014-01-01','Project10635',0),(10636,500000.00,0.00,1.20,NULL,'2014-01-01','Project10636',0),(10637,500000.00,0.00,1.20,NULL,'2014-01-01','Project10637',0),(10638,500000.00,0.00,1.20,NULL,'2014-01-01','Project10638',0),(10639,500000.00,0.00,1.20,NULL,'2014-01-01','Project10639',0),(10640,500000.00,0.00,1.20,NULL,'2014-01-01','Project10640',0),(10641,500000.00,0.00,1.20,NULL,'2014-01-01','Project10641',0),(10642,500000.00,0.00,1.20,NULL,'2014-01-01','Project10642',0),(10643,500000.00,0.00,1.20,NULL,'2014-01-01','Project10643',0),(10644,500000.00,0.00,1.20,NULL,'2014-01-01','Project10644',0),(10645,500000.00,0.00,1.20,NULL,'2014-01-01','Project10645',0),(10646,500000.00,0.00,1.20,NULL,'2014-01-01','Project10646',0),(10647,500000.00,0.00,1.20,NULL,'2014-01-01','Project10647',0),(10648,500000.00,0.00,1.20,NULL,'2014-01-01','Project10648',0),(10649,500000.00,0.00,1.20,NULL,'2014-01-01','Project10649',0),(10650,500000.00,0.00,1.20,NULL,'2014-01-01','Project10650',0),(10651,500000.00,0.00,1.20,NULL,'2014-01-01','Project10651',0),(10652,500000.00,0.00,1.20,NULL,'2014-01-01','Project10652',0),(10653,500000.00,0.00,1.20,NULL,'2014-01-01','Project10653',0),(10654,500000.00,0.00,1.20,NULL,'2014-01-01','Project10654',0),(10655,500000.00,0.00,1.20,NULL,'2014-01-01','Project10655',0),(10656,500000.00,0.00,1.20,NULL,'2014-01-01','Project10656',0),(10657,500000.00,0.00,1.20,NULL,'2014-01-01','Project10657',0),(10658,500000.00,0.00,1.20,NULL,'2014-01-01','Project10658',0),(10659,500000.00,0.00,1.20,NULL,'2014-01-01','Project10659',0),(10660,500000.00,0.00,1.20,NULL,'2014-01-01','Project10660',0),(10661,500000.00,0.00,1.20,NULL,'2014-01-01','Project10661',0),(10662,500000.00,0.00,1.20,NULL,'2014-01-01','Project10662',0),(10663,500000.00,0.00,1.20,NULL,'2014-01-01','Project10663',0),(10664,500000.00,0.00,1.20,NULL,'2014-01-01','Project10664',0),(10665,500000.00,0.00,1.20,NULL,'2014-01-01','Project10665',0),(10666,500000.00,0.00,1.20,NULL,'2014-01-01','Project10666',0),(10667,500000.00,0.00,1.20,NULL,'2014-01-01','Project10667',0),(10668,500000.00,0.00,1.20,NULL,'2014-01-01','Project10668',0),(10669,500000.00,0.00,1.20,NULL,'2014-01-01','Project10669',0),(10670,500000.00,0.00,1.20,NULL,'2014-01-01','Project10670',0),(10671,500000.00,0.00,1.20,NULL,'2014-01-01','Project10671',0),(10672,500000.00,0.00,1.20,NULL,'2014-01-01','Project10672',0),(10673,500000.00,0.00,1.20,NULL,'2014-01-01','Project10673',0),(10674,500000.00,0.00,1.20,NULL,'2014-01-01','Project10674',0),(10675,500000.00,0.00,1.20,NULL,'2014-01-01','Project10675',0),(10676,500000.00,0.00,1.20,NULL,'2014-01-01','Project10676',0),(10677,500000.00,0.00,1.20,NULL,'2014-01-01','Project10677',0),(10678,500000.00,0.00,1.20,NULL,'2014-01-01','Project10678',0),(10679,500000.00,0.00,1.20,NULL,'2014-01-01','Project10679',0),(10680,500000.00,0.00,1.20,NULL,'2014-01-01','Project10680',0),(10681,500000.00,0.00,1.20,NULL,'2014-01-01','Project10681',0),(10682,500000.00,0.00,1.20,NULL,'2014-01-01','Project10682',0),(10683,500000.00,0.00,1.20,NULL,'2014-01-01','Project10683',0),(10684,500000.00,0.00,1.20,NULL,'2014-01-01','Project10684',0),(10685,500000.00,0.00,1.20,NULL,'2014-01-01','Project10685',0),(10686,500000.00,0.00,1.20,NULL,'2014-01-01','Project10686',0),(10687,500000.00,0.00,1.20,NULL,'2014-01-01','Project10687',0),(10688,500000.00,0.00,1.20,NULL,'2014-01-01','Project10688',0),(10689,500000.00,0.00,1.20,NULL,'2014-01-01','Project10689',0),(10690,500000.00,0.00,1.20,NULL,'2014-01-01','Project10690',0),(10691,500000.00,0.00,1.20,NULL,'2014-01-01','Project10691',0),(10692,500000.00,0.00,1.20,NULL,'2014-01-01','Project10692',0),(10693,500000.00,0.00,1.20,NULL,'2014-01-01','Project10693',0),(10694,500000.00,0.00,1.20,NULL,'2014-01-01','Project10694',0),(10695,500000.00,0.00,1.20,NULL,'2014-01-01','Project10695',0),(10696,500000.00,0.00,1.20,NULL,'2014-01-01','Project10696',0),(10697,500000.00,0.00,1.20,NULL,'2014-01-01','Project10697',0),(10698,500000.00,0.00,1.20,NULL,'2014-01-01','Project10698',0),(10699,500000.00,0.00,1.20,NULL,'2014-01-01','Project10699',0),(10700,500000.00,0.00,1.20,NULL,'2014-01-01','Project10700',0),(10701,500000.00,0.00,1.20,NULL,'2014-01-01','Project10701',0),(10702,500000.00,0.00,1.20,NULL,'2014-01-01','Project10702',0),(10703,500000.00,0.00,1.20,NULL,'2014-01-01','Project10703',0),(10704,500000.00,0.00,1.20,NULL,'2014-01-01','Project10704',0),(10705,500000.00,0.00,1.20,NULL,'2014-01-01','Project10705',0),(10706,500000.00,0.00,1.20,NULL,'2014-01-01','Project10706',0),(10707,500000.00,0.00,1.20,NULL,'2014-01-01','Project10707',0),(10708,500000.00,0.00,1.20,NULL,'2014-01-01','Project10708',0),(10709,500000.00,0.00,1.20,NULL,'2014-01-01','Project10709',0),(10710,500000.00,0.00,1.20,NULL,'2014-01-01','Project10710',0),(10711,500000.00,0.00,1.20,NULL,'2014-01-01','Project10711',0),(10712,500000.00,0.00,1.20,NULL,'2014-01-01','Project10712',0),(10713,500000.00,0.00,1.20,NULL,'2014-01-01','Project10713',0),(10714,500000.00,0.00,1.20,NULL,'2014-01-01','Project10714',0),(10715,500000.00,0.00,1.20,NULL,'2014-01-01','Project10715',0),(10716,500000.00,0.00,1.20,NULL,'2014-01-01','Project10716',0),(10717,500000.00,0.00,1.20,NULL,'2014-01-01','Project10717',0),(10718,500000.00,0.00,1.20,NULL,'2014-01-01','Project10718',0),(10719,500000.00,0.00,1.20,NULL,'2014-01-01','Project10719',0),(10720,500000.00,0.00,1.20,NULL,'2014-01-01','Project10720',0),(10721,500000.00,0.00,1.20,NULL,'2014-01-01','Project10721',0),(10722,500000.00,0.00,1.20,NULL,'2014-01-01','Project10722',0),(10723,500000.00,0.00,1.20,NULL,'2014-01-01','Project10723',0),(10724,500000.00,0.00,1.20,NULL,'2014-01-01','Project10724',0),(10725,500000.00,0.00,1.20,NULL,'2014-01-01','Project10725',0),(10726,500000.00,0.00,1.20,NULL,'2014-01-01','Project10726',0),(10727,500000.00,0.00,1.20,NULL,'2014-01-01','Project10727',0),(10728,500000.00,0.00,1.20,NULL,'2014-01-01','Project10728',0),(10729,500000.00,0.00,1.20,NULL,'2014-01-01','Project10729',0),(10730,500000.00,0.00,1.20,NULL,'2014-01-01','Project10730',0),(10731,500000.00,0.00,1.20,NULL,'2014-01-01','Project10731',0),(10732,500000.00,0.00,1.20,NULL,'2014-01-01','Project10732',0),(10733,500000.00,0.00,1.20,NULL,'2014-01-01','Project10733',0),(10734,500000.00,0.00,1.20,NULL,'2014-01-01','Project10734',0),(10735,500000.00,0.00,1.20,NULL,'2014-01-01','Project10735',0),(10736,500000.00,0.00,1.20,NULL,'2014-01-01','Project10736',0),(10737,500000.00,0.00,1.20,NULL,'2014-01-01','Project10737',0),(10738,500000.00,0.00,1.20,NULL,'2014-01-01','Project10738',0),(10739,500000.00,0.00,1.20,NULL,'2014-01-01','Project10739',0),(10740,500000.00,0.00,1.20,NULL,'2014-01-01','Project10740',0),(10741,500000.00,0.00,1.20,NULL,'2014-01-01','Project10741',0),(10742,500000.00,0.00,1.20,NULL,'2014-01-01','Project10742',0),(10743,500000.00,0.00,1.20,NULL,'2014-01-01','Project10743',0),(10744,500000.00,0.00,1.20,NULL,'2014-01-01','Project10744',0),(10745,500000.00,0.00,1.20,NULL,'2014-01-01','Project10745',0),(10746,500000.00,0.00,1.20,NULL,'2014-01-01','Project10746',0),(10747,500000.00,0.00,1.20,NULL,'2014-01-01','Project10747',0),(10748,500000.00,0.00,1.20,NULL,'2014-01-01','Project10748',0),(10749,500000.00,0.00,1.20,NULL,'2014-01-01','Project10749',0),(10750,500000.00,0.00,1.20,NULL,'2014-01-01','Project10750',0),(10751,500000.00,0.00,1.20,NULL,'2014-01-01','Project10751',0),(10752,500000.00,0.00,1.20,NULL,'2014-01-01','Project10752',0),(10753,500000.00,0.00,1.20,NULL,'2014-01-01','Project10753',0),(10754,500000.00,0.00,1.20,NULL,'2014-01-01','Project10754',0),(10755,500000.00,0.00,1.20,NULL,'2014-01-01','Project10755',0),(10756,500000.00,0.00,1.20,NULL,'2014-01-01','Project10756',0),(10757,500000.00,0.00,1.20,NULL,'2014-01-01','Project10757',0),(10758,500000.00,0.00,1.20,NULL,'2014-01-01','Project10758',0),(10759,500000.00,0.00,1.20,NULL,'2014-01-01','Project10759',0),(10760,500000.00,0.00,1.20,NULL,'2014-01-01','Project10760',0),(10761,500000.00,0.00,1.20,NULL,'2014-01-01','Project10761',0),(10762,500000.00,0.00,1.20,NULL,'2014-01-01','Project10762',0),(10763,500000.00,0.00,1.20,NULL,'2014-01-01','Project10763',0),(10764,500000.00,0.00,1.20,NULL,'2014-01-01','Project10764',0),(10765,500000.00,0.00,1.20,NULL,'2014-01-01','Project10765',0),(10766,500000.00,0.00,1.20,NULL,'2014-01-01','Project10766',0),(10767,500000.00,0.00,1.20,NULL,'2014-01-01','Project10767',0),(10768,500000.00,0.00,1.20,NULL,'2014-01-01','Project10768',0),(10769,500000.00,0.00,1.20,NULL,'2014-01-01','Project10769',0),(10770,500000.00,0.00,1.20,NULL,'2014-01-01','Project10770',0),(10771,500000.00,0.00,1.20,NULL,'2014-01-01','Project10771',0),(10772,500000.00,0.00,1.20,NULL,'2014-01-01','Project10772',0),(10773,500000.00,0.00,1.20,NULL,'2014-01-01','Project10773',0),(10774,500000.00,0.00,1.20,NULL,'2014-01-01','Project10774',0),(10775,500000.00,0.00,1.20,NULL,'2014-01-01','Project10775',0),(10776,500000.00,0.00,1.20,NULL,'2014-01-01','Project10776',0),(10777,500000.00,0.00,1.20,NULL,'2014-01-01','Project10777',0),(10778,500000.00,0.00,1.20,NULL,'2014-01-01','Project10778',0),(10779,500000.00,0.00,1.20,NULL,'2014-01-01','Project10779',0),(10780,500000.00,0.00,1.20,NULL,'2014-01-01','Project10780',0),(10781,500000.00,0.00,1.20,NULL,'2014-01-01','Project10781',0),(10782,500000.00,0.00,1.20,NULL,'2014-01-01','Project10782',0),(10783,500000.00,0.00,1.20,NULL,'2014-01-01','Project10783',0),(10784,500000.00,0.00,1.20,NULL,'2014-01-01','Project10784',0),(10785,500000.00,0.00,1.20,NULL,'2014-01-01','Project10785',0),(10786,500000.00,0.00,1.20,NULL,'2014-01-01','Project10786',0),(10787,500000.00,0.00,1.20,NULL,'2014-01-01','Project10787',0),(10788,500000.00,0.00,1.20,NULL,'2014-01-01','Project10788',0),(10789,500000.00,0.00,1.20,NULL,'2014-01-01','Project10789',0),(10790,500000.00,0.00,1.20,NULL,'2014-01-01','Project10790',0),(10791,500000.00,0.00,1.20,NULL,'2014-01-01','Project10791',0),(10792,500000.00,0.00,1.20,NULL,'2014-01-01','Project10792',0),(10793,500000.00,0.00,1.20,NULL,'2014-01-01','Project10793',0),(10794,500000.00,0.00,1.20,NULL,'2014-01-01','Project10794',0),(10795,500000.00,0.00,1.20,NULL,'2014-01-01','Project10795',0),(10796,500000.00,0.00,1.20,NULL,'2014-01-01','Project10796',0),(10797,500000.00,0.00,1.20,NULL,'2014-01-01','Project10797',0),(10798,500000.00,0.00,1.20,NULL,'2014-01-01','Project10798',0),(10799,500000.00,0.00,1.20,NULL,'2014-01-01','Project10799',0),(10800,500000.00,0.00,1.20,NULL,'2014-01-01','Project10800',0),(10801,500000.00,0.00,1.20,NULL,'2014-01-01','Project10801',0),(10802,500000.00,0.00,1.20,NULL,'2014-01-01','Project10802',0),(10803,500000.00,0.00,1.20,NULL,'2014-01-01','Project10803',0),(10804,500000.00,0.00,1.20,NULL,'2014-01-01','Project10804',0),(10805,500000.00,0.00,1.20,NULL,'2014-01-01','Project10805',0),(10806,500000.00,0.00,1.20,NULL,'2014-01-01','Project10806',0),(10807,500000.00,0.00,1.20,NULL,'2014-01-01','Project10807',0),(10808,500000.00,0.00,1.20,NULL,'2014-01-01','Project10808',0),(10809,500000.00,0.00,1.20,NULL,'2014-01-01','Project10809',0),(10810,500000.00,0.00,1.20,NULL,'2014-01-01','Project10810',0),(10811,500000.00,0.00,1.20,NULL,'2014-01-01','Project10811',0),(10812,500000.00,0.00,1.20,NULL,'2014-01-01','Project10812',0),(10813,500000.00,0.00,1.20,NULL,'2014-01-01','Project10813',0),(10814,500000.00,0.00,1.20,NULL,'2014-01-01','Project10814',0),(10815,500000.00,0.00,1.20,NULL,'2014-01-01','Project10815',0),(10816,500000.00,0.00,1.20,NULL,'2014-01-01','Project10816',0),(10817,500000.00,0.00,1.20,NULL,'2014-01-01','Project10817',0),(10818,500000.00,0.00,1.20,NULL,'2014-01-01','Project10818',0),(10819,500000.00,0.00,1.20,NULL,'2014-01-01','Project10819',0),(10820,500000.00,0.00,1.20,NULL,'2014-01-01','Project10820',0),(10821,500000.00,0.00,1.20,NULL,'2014-01-01','Project10821',0),(10822,500000.00,0.00,1.20,NULL,'2014-01-01','Project10822',0),(10823,500000.00,0.00,1.20,NULL,'2014-01-01','Project10823',0),(10824,500000.00,0.00,1.20,NULL,'2014-01-01','Project10824',0),(10825,500000.00,0.00,1.20,NULL,'2014-01-01','Project10825',0),(10826,500000.00,0.00,1.20,NULL,'2014-01-01','Project10826',0),(10827,500000.00,0.00,1.20,NULL,'2014-01-01','Project10827',0),(10828,500000.00,0.00,1.20,NULL,'2014-01-01','Project10828',0),(10829,500000.00,0.00,1.20,NULL,'2014-01-01','Project10829',0),(10830,500000.00,0.00,1.20,NULL,'2014-01-01','Project10830',0),(10831,500000.00,0.00,1.20,NULL,'2014-01-01','Project10831',0),(10832,500000.00,0.00,1.20,NULL,'2014-01-01','Project10832',0),(10833,500000.00,0.00,1.20,NULL,'2014-01-01','Project10833',0),(10834,500000.00,0.00,1.20,NULL,'2014-01-01','Project10834',0),(10835,500000.00,0.00,1.20,NULL,'2014-01-01','Project10835',0),(10836,500000.00,0.00,1.20,NULL,'2014-01-01','Project10836',0),(10837,500000.00,0.00,1.20,NULL,'2014-01-01','Project10837',0),(10838,500000.00,0.00,1.20,NULL,'2014-01-01','Project10838',0),(10839,500000.00,0.00,1.20,NULL,'2014-01-01','Project10839',0),(10840,500000.00,0.00,1.20,NULL,'2014-01-01','Project10840',0),(10841,500000.00,0.00,1.20,NULL,'2014-01-01','Project10841',0),(10842,500000.00,0.00,1.20,NULL,'2014-01-01','Project10842',0),(10843,500000.00,0.00,1.20,NULL,'2014-01-01','Project10843',0),(10844,500000.00,0.00,1.20,NULL,'2014-01-01','Project10844',0),(10845,500000.00,0.00,1.20,NULL,'2014-01-01','Project10845',0),(10846,500000.00,0.00,1.20,NULL,'2014-01-01','Project10846',0),(10847,500000.00,0.00,1.20,NULL,'2014-01-01','Project10847',0),(10848,500000.00,0.00,1.20,NULL,'2014-01-01','Project10848',0),(10849,500000.00,0.00,1.20,NULL,'2014-01-01','Project10849',0),(10850,500000.00,0.00,1.20,NULL,'2014-01-01','Project10850',0),(10851,500000.00,0.00,1.20,NULL,'2014-01-01','Project10851',0),(10852,500000.00,0.00,1.20,NULL,'2014-01-01','Project10852',0),(10853,500000.00,0.00,1.20,NULL,'2014-01-01','Project10853',0),(10854,500000.00,0.00,1.20,NULL,'2014-01-01','Project10854',0),(10855,500000.00,0.00,1.20,NULL,'2014-01-01','Project10855',0),(10856,500000.00,0.00,1.20,NULL,'2014-01-01','Project10856',0),(10857,500000.00,0.00,1.20,NULL,'2014-01-01','Project10857',0),(10858,500000.00,0.00,1.20,NULL,'2014-01-01','Project10858',0),(10859,500000.00,0.00,1.20,NULL,'2014-01-01','Project10859',0),(10860,500000.00,0.00,1.20,NULL,'2014-01-01','Project10860',0),(10861,500000.00,0.00,1.20,NULL,'2014-01-01','Project10861',0),(10862,500000.00,0.00,1.20,NULL,'2014-01-01','Project10862',0),(10863,500000.00,0.00,1.20,NULL,'2014-01-01','Project10863',0),(10864,500000.00,0.00,1.20,NULL,'2014-01-01','Project10864',0),(10865,500000.00,0.00,1.20,NULL,'2014-01-01','Project10865',0),(10866,500000.00,0.00,1.20,NULL,'2014-01-01','Project10866',0),(10867,500000.00,0.00,1.20,NULL,'2014-01-01','Project10867',0),(10868,500000.00,0.00,1.20,NULL,'2014-01-01','Project10868',0),(10869,500000.00,0.00,1.20,NULL,'2014-01-01','Project10869',0),(10870,500000.00,0.00,1.20,NULL,'2014-01-01','Project10870',0),(10871,500000.00,0.00,1.20,NULL,'2014-01-01','Project10871',0),(10872,500000.00,0.00,1.20,NULL,'2014-01-01','Project10872',0),(10873,500000.00,0.00,1.20,NULL,'2014-01-01','Project10873',0),(10874,500000.00,0.00,1.20,NULL,'2014-01-01','Project10874',0),(10875,500000.00,0.00,1.20,NULL,'2014-01-01','Project10875',0),(10876,500000.00,0.00,1.20,NULL,'2014-01-01','Project10876',0),(10877,500000.00,0.00,1.20,NULL,'2014-01-01','Project10877',0),(10878,500000.00,0.00,1.20,NULL,'2014-01-01','Project10878',0),(10879,500000.00,0.00,1.20,NULL,'2014-01-01','Project10879',0),(10880,500000.00,0.00,1.20,NULL,'2014-01-01','Project10880',0),(10881,500000.00,0.00,1.20,NULL,'2014-01-01','Project10881',0),(10882,500000.00,0.00,1.20,NULL,'2014-01-01','Project10882',0),(10883,500000.00,0.00,1.20,NULL,'2014-01-01','Project10883',0),(10884,500000.00,0.00,1.20,NULL,'2014-01-01','Project10884',0),(10885,500000.00,0.00,1.20,NULL,'2014-01-01','Project10885',0),(10886,500000.00,0.00,1.20,NULL,'2014-01-01','Project10886',0),(10887,500000.00,0.00,1.20,NULL,'2014-01-01','Project10887',0),(10888,500000.00,0.00,1.20,NULL,'2014-01-01','Project10888',0),(10889,500000.00,0.00,1.20,NULL,'2014-01-01','Project10889',0),(10890,500000.00,0.00,1.20,NULL,'2014-01-01','Project10890',0),(10891,500000.00,0.00,1.20,NULL,'2014-01-01','Project10891',0),(10892,500000.00,0.00,1.20,NULL,'2014-01-01','Project10892',0),(10893,500000.00,0.00,1.20,NULL,'2014-01-01','Project10893',0),(10894,500000.00,0.00,1.20,NULL,'2014-01-01','Project10894',0),(10895,500000.00,0.00,1.20,NULL,'2014-01-01','Project10895',0),(10896,500000.00,0.00,1.20,NULL,'2014-01-01','Project10896',0),(10897,500000.00,0.00,1.20,NULL,'2014-01-01','Project10897',0),(10898,500000.00,0.00,1.20,NULL,'2014-01-01','Project10898',0),(10899,500000.00,0.00,1.20,NULL,'2014-01-01','Project10899',0),(10900,500000.00,0.00,1.20,NULL,'2014-01-01','Project10900',0),(10901,500000.00,0.00,1.20,NULL,'2014-01-01','Project10901',0),(10902,500000.00,0.00,1.20,NULL,'2014-01-01','Project10902',0),(10903,500000.00,0.00,1.20,NULL,'2014-01-01','Project10903',0),(10904,500000.00,0.00,1.20,NULL,'2014-01-01','Project10904',0),(10905,500000.00,0.00,1.20,NULL,'2014-01-01','Project10905',0),(10906,500000.00,0.00,1.20,NULL,'2014-01-01','Project10906',0),(10907,500000.00,0.00,1.20,NULL,'2014-01-01','Project10907',0),(10908,500000.00,0.00,1.20,NULL,'2014-01-01','Project10908',0),(10909,500000.00,0.00,1.20,NULL,'2014-01-01','Project10909',0),(10910,500000.00,0.00,1.20,NULL,'2014-01-01','Project10910',0),(10911,500000.00,0.00,1.20,NULL,'2014-01-01','Project10911',0),(10912,500000.00,0.00,1.20,NULL,'2014-01-01','Project10912',0),(10913,500000.00,0.00,1.20,NULL,'2014-01-01','Project10913',0),(10914,500000.00,0.00,1.20,NULL,'2014-01-01','Project10914',0),(10915,500000.00,0.00,1.20,NULL,'2014-01-01','Project10915',0),(10916,500000.00,0.00,1.20,NULL,'2014-01-01','Project10916',0),(10917,500000.00,0.00,1.20,NULL,'2014-01-01','Project10917',0),(10918,500000.00,0.00,1.20,NULL,'2014-01-01','Project10918',0),(10919,500000.00,0.00,1.20,NULL,'2014-01-01','Project10919',0),(10920,500000.00,0.00,1.20,NULL,'2014-01-01','Project10920',0),(10921,500000.00,0.00,1.20,NULL,'2014-01-01','Project10921',0),(10922,500000.00,0.00,1.20,NULL,'2014-01-01','Project10922',0),(10923,500000.00,0.00,1.20,NULL,'2014-01-01','Project10923',0),(10924,500000.00,0.00,1.20,NULL,'2014-01-01','Project10924',0),(10925,500000.00,0.00,1.20,NULL,'2014-01-01','Project10925',0),(10926,500000.00,0.00,1.20,NULL,'2014-01-01','Project10926',0),(10927,500000.00,0.00,1.20,NULL,'2014-01-01','Project10927',0),(10928,500000.00,0.00,1.20,NULL,'2014-01-01','Project10928',0),(10929,500000.00,0.00,1.20,NULL,'2014-01-01','Project10929',0),(10930,500000.00,0.00,1.20,NULL,'2014-01-01','Project10930',0),(10931,500000.00,0.00,1.20,NULL,'2014-01-01','Project10931',0),(10932,500000.00,0.00,1.20,NULL,'2014-01-01','Project10932',0),(10933,500000.00,0.00,1.20,NULL,'2014-01-01','Project10933',0),(10934,500000.00,0.00,1.20,NULL,'2014-01-01','Project10934',0),(10935,500000.00,0.00,1.20,NULL,'2014-01-01','Project10935',0),(10936,500000.00,0.00,1.20,NULL,'2014-01-01','Project10936',0),(10937,500000.00,0.00,1.20,NULL,'2014-01-01','Project10937',0),(10938,500000.00,0.00,1.20,NULL,'2014-01-01','Project10938',0),(10939,500000.00,0.00,1.20,NULL,'2014-01-01','Project10939',0),(10940,500000.00,0.00,1.20,NULL,'2014-01-01','Project10940',0),(10941,500000.00,0.00,1.20,NULL,'2014-01-01','Project10941',0),(10942,500000.00,0.00,1.20,NULL,'2014-01-01','Project10942',0),(10943,500000.00,0.00,1.20,NULL,'2014-01-01','Project10943',0),(10944,500000.00,0.00,1.20,NULL,'2014-01-01','Project10944',0),(10945,500000.00,0.00,1.20,NULL,'2014-01-01','Project10945',0),(10946,500000.00,0.00,1.20,NULL,'2014-01-01','Project10946',0),(10947,500000.00,0.00,1.20,NULL,'2014-01-01','Project10947',0),(10948,500000.00,0.00,1.20,NULL,'2014-01-01','Project10948',0),(10949,500000.00,0.00,1.20,NULL,'2014-01-01','Project10949',0),(10950,500000.00,0.00,1.20,NULL,'2014-01-01','Project10950',0),(10951,500000.00,0.00,1.20,NULL,'2014-01-01','Project10951',0),(10952,500000.00,0.00,1.20,NULL,'2014-01-01','Project10952',0),(10953,500000.00,0.00,1.20,NULL,'2014-01-01','Project10953',0),(10954,500000.00,0.00,1.20,NULL,'2014-01-01','Project10954',0),(10955,500000.00,0.00,1.20,NULL,'2014-01-01','Project10955',0),(10956,500000.00,0.00,1.20,NULL,'2014-01-01','Project10956',0),(10957,500000.00,0.00,1.20,NULL,'2014-01-01','Project10957',0),(10958,500000.00,0.00,1.20,NULL,'2014-01-01','Project10958',0),(10959,500000.00,0.00,1.20,NULL,'2014-01-01','Project10959',0),(10960,500000.00,0.00,1.20,NULL,'2014-01-01','Project10960',0),(10961,500000.00,0.00,1.20,NULL,'2014-01-01','Project10961',0),(10962,500000.00,0.00,1.20,NULL,'2014-01-01','Project10962',0),(10963,500000.00,0.00,1.20,NULL,'2014-01-01','Project10963',0),(10964,500000.00,0.00,1.20,NULL,'2014-01-01','Project10964',0),(10965,500000.00,0.00,1.20,NULL,'2014-01-01','Project10965',0),(10966,500000.00,0.00,1.20,NULL,'2014-01-01','Project10966',0),(10967,500000.00,0.00,1.20,NULL,'2014-01-01','Project10967',0),(10968,500000.00,0.00,1.20,NULL,'2014-01-01','Project10968',0),(10969,500000.00,0.00,1.20,NULL,'2014-01-01','Project10969',0),(10970,500000.00,0.00,1.20,NULL,'2014-01-01','Project10970',0),(10971,500000.00,0.00,1.20,NULL,'2014-01-01','Project10971',0),(10972,500000.00,0.00,1.20,NULL,'2014-01-01','Project10972',0),(10973,500000.00,0.00,1.20,NULL,'2014-01-01','Project10973',0),(10974,500000.00,0.00,1.20,NULL,'2014-01-01','Project10974',0),(10975,500000.00,0.00,1.20,NULL,'2014-01-01','Project10975',0),(10976,500000.00,0.00,1.20,NULL,'2014-01-01','Project10976',0),(10977,500000.00,0.00,1.20,NULL,'2014-01-01','Project10977',0),(10978,500000.00,0.00,1.20,NULL,'2014-01-01','Project10978',0),(10979,500000.00,0.00,1.20,NULL,'2014-01-01','Project10979',0),(10980,500000.00,0.00,1.20,NULL,'2014-01-01','Project10980',0),(10981,500000.00,0.00,1.20,NULL,'2014-01-01','Project10981',0),(10982,500000.00,0.00,1.20,NULL,'2014-01-01','Project10982',0),(10983,500000.00,0.00,1.20,NULL,'2014-01-01','Project10983',0),(10984,500000.00,0.00,1.20,NULL,'2014-01-01','Project10984',0),(10985,500000.00,0.00,1.20,NULL,'2014-01-01','Project10985',0),(10986,500000.00,0.00,1.20,NULL,'2014-01-01','Project10986',0),(10987,500000.00,0.00,1.20,NULL,'2014-01-01','Project10987',0),(10988,500000.00,0.00,1.20,NULL,'2014-01-01','Project10988',0),(10989,500000.00,0.00,1.20,NULL,'2014-01-01','Project10989',0),(10990,500000.00,0.00,1.20,NULL,'2014-01-01','Project10990',0),(10991,500000.00,0.00,1.20,NULL,'2014-01-01','Project10991',0),(10992,500000.00,0.00,1.20,NULL,'2014-01-01','Project10992',0),(10993,500000.00,0.00,1.20,NULL,'2014-01-01','Project10993',0),(10994,500000.00,0.00,1.20,NULL,'2014-01-01','Project10994',0),(10995,500000.00,0.00,1.20,NULL,'2014-01-01','Project10995',0),(10996,500000.00,0.00,1.20,NULL,'2014-01-01','Project10996',0),(10997,500000.00,0.00,1.20,NULL,'2014-01-01','Project10997',0),(10998,500000.00,0.00,1.20,NULL,'2014-01-01','Project10998',0),(10999,500000.00,0.00,1.20,NULL,'2014-01-01','Project10999',0),(11000,500000.00,0.00,1.20,NULL,'2014-01-01','Project11000',0),(11001,500000.00,0.00,1.20,NULL,'2014-01-01','Project11001',0),(11002,500000.00,0.00,1.20,NULL,'2014-01-01','Project11002',0),(11003,500000.00,0.00,1.20,NULL,'2014-01-01','Project11003',0),(11004,500000.00,0.00,1.20,NULL,'2014-01-01','Project11004',0),(11005,500000.00,0.00,1.20,NULL,'2014-01-01','Project11005',0),(11006,500000.00,0.00,1.20,NULL,'2014-01-01','Project11006',0),(11007,500000.00,0.00,1.20,NULL,'2014-01-01','Project11007',0),(11008,500000.00,0.00,1.20,NULL,'2014-01-01','Project11008',0),(11009,500000.00,0.00,1.20,NULL,'2014-01-01','Project11009',0),(11010,500000.00,0.00,1.20,NULL,'2014-01-01','Project11010',0),(11011,500000.00,0.00,1.20,NULL,'2014-01-01','Project11011',0),(11012,500000.00,0.00,1.20,NULL,'2014-01-01','Project11012',0),(11013,500000.00,0.00,1.20,NULL,'2014-01-01','Project11013',0),(11014,500000.00,0.00,1.20,NULL,'2014-01-01','Project11014',0),(11015,500000.00,0.00,1.20,NULL,'2014-01-01','Project11015',0),(11016,500000.00,0.00,1.20,NULL,'2014-01-01','Project11016',0),(11017,500000.00,0.00,1.20,NULL,'2014-01-01','Project11017',0),(11018,500000.00,0.00,1.20,NULL,'2014-01-01','Project11018',0),(11019,500000.00,0.00,1.20,NULL,'2014-01-01','Project11019',0),(11020,500000.00,0.00,1.20,NULL,'2014-01-01','Project11020',0),(11021,500000.00,0.00,1.20,NULL,'2014-01-01','Project11021',0),(11022,500000.00,0.00,1.20,NULL,'2014-01-01','Project11022',0),(11023,500000.00,0.00,1.20,NULL,'2014-01-01','Project11023',0),(11024,500000.00,0.00,1.20,NULL,'2014-01-01','Project11024',0),(11025,500000.00,0.00,1.20,NULL,'2014-01-01','Project11025',0),(11026,500000.00,0.00,1.20,NULL,'2014-01-01','Project11026',0),(11027,500000.00,0.00,1.20,NULL,'2014-01-01','Project11027',0),(11028,500000.00,0.00,1.20,NULL,'2014-01-01','Project11028',0),(11029,500000.00,0.00,1.20,NULL,'2014-01-01','Project11029',0),(11030,500000.00,0.00,1.20,NULL,'2014-01-01','Project11030',0),(11031,500000.00,0.00,1.20,NULL,'2014-01-01','Project11031',0),(11032,500000.00,0.00,1.20,NULL,'2014-01-01','Project11032',0),(11033,500000.00,0.00,1.20,NULL,'2014-01-01','Project11033',0),(11034,500000.00,0.00,1.20,NULL,'2014-01-01','Project11034',0),(11035,500000.00,0.00,1.20,NULL,'2014-01-01','Project11035',0),(11036,500000.00,0.00,1.20,NULL,'2014-01-01','Project11036',0),(11037,500000.00,0.00,1.20,NULL,'2014-01-01','Project11037',0),(11038,500000.00,0.00,1.20,NULL,'2014-01-01','Project11038',0),(11039,500000.00,0.00,1.20,NULL,'2014-01-01','Project11039',0),(11040,500000.00,0.00,1.20,NULL,'2014-01-01','Project11040',0),(11041,500000.00,0.00,1.20,NULL,'2014-01-01','Project11041',0),(11042,500000.00,0.00,1.20,NULL,'2014-01-01','Project11042',0),(11043,500000.00,0.00,1.20,NULL,'2014-01-01','Project11043',0),(11044,500000.00,0.00,1.20,NULL,'2014-01-01','Project11044',0),(11045,500000.00,0.00,1.20,NULL,'2014-01-01','Project11045',0),(11046,500000.00,0.00,1.20,NULL,'2014-01-01','Project11046',0),(11047,500000.00,0.00,1.20,NULL,'2014-01-01','Project11047',0),(11048,500000.00,0.00,1.20,NULL,'2014-01-01','Project11048',0),(11049,500000.00,0.00,1.20,NULL,'2014-01-01','Project11049',0),(11050,500000.00,0.00,1.20,NULL,'2014-01-01','Project11050',0),(11051,500000.00,0.00,1.20,NULL,'2014-01-01','Project11051',0),(11052,500000.00,0.00,1.20,NULL,'2014-01-01','Project11052',0),(11053,500000.00,0.00,1.20,NULL,'2014-01-01','Project11053',0),(11054,500000.00,0.00,1.20,NULL,'2014-01-01','Project11054',0),(11055,500000.00,0.00,1.20,NULL,'2014-01-01','Project11055',0),(11056,500000.00,0.00,1.20,NULL,'2014-01-01','Project11056',0),(11057,500000.00,0.00,1.20,NULL,'2014-01-01','Project11057',0),(11058,500000.00,0.00,1.20,NULL,'2014-01-01','Project11058',0),(11059,500000.00,0.00,1.20,NULL,'2014-01-01','Project11059',0),(11060,500000.00,0.00,1.20,NULL,'2014-01-01','Project11060',0),(11061,500000.00,0.00,1.20,NULL,'2014-01-01','Project11061',0),(11062,500000.00,0.00,1.20,NULL,'2014-01-01','Project11062',0),(11063,500000.00,0.00,1.20,NULL,'2014-01-01','Project11063',0),(11064,500000.00,0.00,1.20,NULL,'2014-01-01','Project11064',0),(11065,500000.00,0.00,1.20,NULL,'2014-01-01','Project11065',0),(11066,500000.00,0.00,1.20,NULL,'2014-01-01','Project11066',0),(11067,500000.00,0.00,1.20,NULL,'2014-01-01','Project11067',0),(11068,500000.00,0.00,1.20,NULL,'2014-01-01','Project11068',0),(11069,500000.00,0.00,1.20,NULL,'2014-01-01','Project11069',0),(11070,500000.00,0.00,1.20,NULL,'2014-01-01','Project11070',0),(11071,500000.00,0.00,1.20,NULL,'2014-01-01','Project11071',0),(11072,500000.00,0.00,1.20,NULL,'2014-01-01','Project11072',0),(11073,500000.00,0.00,1.20,NULL,'2014-01-01','Project11073',0),(11074,500000.00,0.00,1.20,NULL,'2014-01-01','Project11074',0),(11075,500000.00,0.00,1.20,NULL,'2014-01-01','Project11075',0),(11076,500000.00,0.00,1.20,NULL,'2014-01-01','Project11076',0),(11077,500000.00,0.00,1.20,NULL,'2014-01-01','Project11077',0),(11078,500000.00,0.00,1.20,NULL,'2014-01-01','Project11078',0),(11079,500000.00,0.00,1.20,NULL,'2014-01-01','Project11079',0),(11080,500000.00,0.00,1.20,NULL,'2014-01-01','Project11080',0),(11081,500000.00,0.00,1.20,NULL,'2014-01-01','Project11081',0),(11082,500000.00,0.00,1.20,NULL,'2014-01-01','Project11082',0),(11083,500000.00,0.00,1.20,NULL,'2014-01-01','Project11083',0),(11084,500000.00,0.00,1.20,NULL,'2014-01-01','Project11084',0),(11085,500000.00,0.00,1.20,NULL,'2014-01-01','Project11085',0),(11086,500000.00,0.00,1.20,NULL,'2014-01-01','Project11086',0),(11087,500000.00,0.00,1.20,NULL,'2014-01-01','Project11087',0),(11088,500000.00,0.00,1.20,NULL,'2014-01-01','Project11088',0),(11089,500000.00,0.00,1.20,NULL,'2014-01-01','Project11089',0),(11090,500000.00,0.00,1.20,NULL,'2014-01-01','Project11090',0),(11091,500000.00,0.00,1.20,NULL,'2014-01-01','Project11091',0),(11092,500000.00,0.00,1.20,NULL,'2014-01-01','Project11092',0),(11093,500000.00,0.00,1.20,NULL,'2014-01-01','Project11093',0),(11094,500000.00,0.00,1.20,NULL,'2014-01-01','Project11094',0),(11095,500000.00,0.00,1.20,NULL,'2014-01-01','Project11095',0),(11096,500000.00,0.00,1.20,NULL,'2014-01-01','Project11096',0),(11097,500000.00,0.00,1.20,NULL,'2014-01-01','Project11097',0),(11098,500000.00,0.00,1.20,NULL,'2014-01-01','Project11098',0),(11099,500000.00,0.00,1.20,NULL,'2014-01-01','Project11099',0),(11100,500000.00,0.00,1.20,NULL,'2014-01-01','Project11100',0),(12345,500000.00,0.00,1.20,NULL,'2014-01-01','Apollo',0),(55522,1500000.00,250000.00,1.60,NULL,'2013-11-01','Barbosa',0),(88999,3000000.00,30000.00,2.00,NULL,'2014-02-01','Davenport',0),(99777,40000000.00,10000000.00,2.00,NULL,'2012-07-31','Carolina',0);
/*!40000 ALTER TABLE `Project` ENABLE KEYS */;
UNLOCK TABLES;

--
-- Dumping data for table `ProjectAssignment`
--

LOCK TABLES `ProjectAssignment` WRITE;
/*!40000 ALTER TABLE `ProjectAssignment` DISABLE KEYS */;
INSERT INTO `ProjectAssignment` VALUES (226,'','',12345,1,0),(227,'','',55522,2,0),(228,'','\0',99777,2,0);
/*!40000 ALTER TABLE `ProjectAssignment` ENABLE KEYS */;
UNLOCK TABLES;

--
-- Dumping data for table `PayRate`
--

LOCK TABLES `PayRate` WRITE;
/*!40000 ALTER TABLE `PayRate` DISABLE KEYS */;
INSERT INTO `PayRate` VALUES (156,'P1',80.00,0,2017),(157,'P2',100.00,0,2017),(158,'P3',125.00,0,2017),(159,'P4',175.00,0,2017),(160,'P5',215.00,0,2017),(161,'DS',115.00,0,2017),(162,'SS',115.00,0,2017),(163,'P1',76.00,0,2016),(164,'P2',96.00,0,2016),(165,'P3',120.00,0,2016),(166,'P4',170.00,0,2016),(167,'P5',210.00,0,2016),(168,'DS',110.00,0,2016),(169,'SS',110.00,0,2016),(170,'P1',73.00,0,2015),(171,'P2',93.00,0,2015),(172,'P3',115.00,0,2015),(173,'P4',165.00,0,2015),(174,'P5',205.00,0,2015),(175,'DS',105.00,0,2015),(176,'SS',105.00,0,2015),(177,'P1',70.00,0,2014),(178,'P2',90.00,0,2014),(179,'P3',110.00,0,2014),(180,'P4',160.00,0,2014),(181,'P5',200.00,0,2014),(182,'DS',100.00,0,2014),(183,'SS',100.00,0,2014),(184,'P1',67.00,0,2013),(185,'P2',87.00,0,2013),(186,'P3',105.00,0,2013),(187,'P4',155.00,0,2013),(188,'P5',195.00,0,2013),(189,'DS',95.00,0,2013),(190,'SS',95.00,0,2013),(191,'P1',65.00,0,2012),(192,'P2',85.00,0,2012),(193,'P3',102.00,0,2012),(194,'P4',150.00,0,2012),(195,'P5',190.00,0,2012),(196,'DS',93.00,0,2012),(197,'SS',93.00,0,2012),(198,'P1',60.00,0,2011),(199,'P2',80.00,0,2011),(200,'P3',100.00,0,2011),(201,'P4',145.00,0,2011),(202,'P5',185.00,0,2011),(203,'DS',90.00,0,2011),(204,'SS',90.00,0,2011);
/*!40000 ALTER TABLE `PayRate` ENABLE KEYS */;
UNLOCK TABLES;

--
-- Dumping data for table `User`
--

LOCK TABLES `User` WRITE;
/*!40000 ALTER TABLE `User` DISABLE KEYS */;
INSERT INTO `User` VALUES (1,0,'FirstName','','LastName',4,40,'$2a$10$Si7buXuKM8eEgQmbh5iDYuxEOIzBfb739L6MiMpqdTs4sexYJyxBa','2014-04-07','Active',0,0,50,'q',0,0),(2,0,'Bruce','','Link',4,40,'$2a$10$scTuTLUeIJ6Hg.LWY2Rtl.9UpuMJqLqwyFcofEdNNKKvgr5hbxcFu','2014-04-07','Active',1,1,0,'username0@example.com',0,0),(3,12345678,'John','\0','Edward',0,40,'$2a$10$6NBUMHG8EbigupdB2vgHYeWNWQQ1OoRTymBize5VrkQjrBCSetyLe','2000-01-01','Active',1,1,0,'jedward@example.com',14,0),(4,23456789,'Alice','\0','Wong',1,40,'$2a$10$e7DEO1tfe3DZwDmjeBgnWOHamh7eaiQgLW1opdsa.DAaYUpm5m2w6','2000-01-01','Active',1,1,0,'awong@example.com',14,0),(5,34567890,'Bob','\0','Nelson',2,40,'$2a$10$/5LcUkIrpUGyiJsk6wOP8uEsM7CtPKFApu0lJ0P16FoSZLQf/pQZW','2000-01-01','Active',0,0,0,'bnelson@example.com',14,0),(6,45678901,'Christine','','Sandhu',3,40,'$2a$10$BdB6.jg.BlGLUhDyU1OyVOPUOrCYmoVAHJtXyOfDAjzRXmzbq2dwy','2000-01-01','Active',1,1,0,'csandhu@example.com',14,0),(7,56789012,'Zamir','\0','Cantwell',4,40,'$2a$10$5t9buYTl4Vw8YhtbggMIXONstRaQalTmNCPZOsgGBC8uzgCgAxM7e','2000-01-01','Active',0,0,0,'zcantwell@example.com',14,0),(8,67890123,'Chi-En','\0','Park',5,40,'$2a$10$WWFv/Fj2gGD/0kHnkBL6kuON9KgREDOXX/3tFypresM/rKxtjNKrW','2000-01-01','Active',1,1,0,'cpark@example.com',14,0),(9,78901234,'Grace','\0','Smith',6,40,'$2a$10$RCY1Mz2pFlk15y5z/5UDD.qCkBBcrfA5iSRGkFMBmFbdv1kh2NlEG','2000-01-01','Active',0,0,0,'gsmith@example.com',14,0),(10,2,'Mark','\0','Ahmadi',4,40,'$2a$10$E3Eao7aF7lcitnmpUPsHhuAVoHXUgTdZ07NuNy8v2p7Ol0q8lt1ni','2000-01-01','Active',0,0,0,'w',14,0),(11,0,'hr1','','hr1',4,40,'$2a$10$GXLspC08kNhnfgOUujadcezIpkbFNyEc1cxnmyJhoV6MmAo0rMcCG','2014-04-07','Active',0,0,50,'hr1',0,0),(12,0,'hr2','','hr2',4,40,'$2a$10$xBdeHgBK1cBBW6uMtuWeM.S/9PVrtWq39qjzmB8kzg0I28L5L.4dW','2014-04-07','Active',0,0,50,'hr2',0,0),(13,0,'hr3','','hr3',4,40,'$2a$10$b30RXRWh.39vn/G1E7jA7e5AOSgDmlv6pjmBkTQS/m/OtEhpuEeu2','2014-04-07','Active',0,0,50,'hr3',0,0),(14,0,'hr4','','hr4',4,40,'$2a$10$TlWvmIWVH1GMD6U36CP5aufVU4dCi1a9KIlGWoREFjaT6At2aZPDi','2014-04-07','Active',0,0,50,'hr4',0,0),(15,0,'hr5','','hr5',4,40,'$2a$10$.rQjFE4NVBaP20kUWAC/wul.QTJsC2kk60RLr10oCFDXKSWBF7th.','2014-04-07','Active',0,0,50,'hr5',0,0),(16,0,'hr6','','hr6',4,40,'$2a$10$O5g5HxVm8aBPbXCUiQrZUumBU9KW91BJpK0cm8EbA/EauYscwg9Q.','2014-04-07','Active',0,0,50,'hr6',0,0),(17,0,'hr7','','hr7',4,40,'$2a$10$R5pg.S0.63UTFXIEHoq3PuaMmoSEuF9.l/xdZWK2nhANiNi8YwDyq','2014-04-07','Active',0,0,50,'hr7',0,0),(18,0,'hr8','','hr8',4,40,'$2a$10$QnZb9jGdoXYvSsCNqbf2NOfkNfqHfYijaUg8IhTYuuMPGzZq92cvK','2014-04-07','Active',0,0,50,'hr8',0,0),(19,0,'hr9','','hr9',4,40,'$2a$10$qg/lO7Etd/pEq8O4BSJ3Uuh5aqXhGRcrKNdWSbaiyXO1kBCkwDlaq','2014-04-07','Active',0,0,50,'hr9',0,0),(20,0,'hr10','','hr10',4,40,'$2a$10$czQfZVjNyD8Ct2AFHtosQuZUh5briO7dyYBSpmO1bQ954cTN1yB66','2014-04-07','Active',0,0,50,'hr10',0,0),(21,0,'hr11','','hr11',4,40,'$2a$10$/BkFR/PZrqTwc8X9yg4JDuoOukuWU4i4c0DAsElZrhpfxqySD4Jzi','2014-04-07','Active',0,0,50,'hr11',0,0),(22,0,'hr12','','hr12',4,40,'$2a$10$pO3.h7.TEh.cZBLUbNdpX..C5qx5KVRC9CWtqWn5DOBC/5yiyRI3W','2014-04-07','Active',0,0,50,'hr12',0,0),(23,0,'hr13','','hr13',4,40,'$2a$10$MHp/jUNv4VkncmueGDNqhuZc97pWuOWeVGzfCjjuYSAvisXOuqi3S','2014-04-07','Active',0,0,50,'hr13',0,0),(24,0,'hr14','','hr14',4,40,'$2a$10$0qYO7GOO7/mMAAkvnUJsqeiBjD5zNynP4S/f34rzKKH.H4P/ir/4O','2014-04-07','Active',0,0,50,'hr14',0,0),(25,0,'hr15','','hr15',4,40,'$2a$10$6CQJFC.NoqrFblRKdFd9he6xkm042mj/fGGt6wE7q./8fQtiyJdYC','2014-04-07','Active',0,0,50,'hr15',0,0),(26,0,'hr16','','hr16',4,40,'$2a$10$WuTRL4kg3e9V4RD15GxkGOpAcP22G1oDrokjzaR6C.ZSP2NcKESvO','2014-04-07','Active',0,0,50,'hr16',0,0),(27,0,'hr17','','hr17',4,40,'$2a$10$PzTSKNlgP.miPD3hq3JslOh.4fd7H3Ph26zkDM0qwHno1xAhnvXk.','2014-04-07','Active',0,0,50,'hr17',0,0),(28,0,'hr18','','hr18',4,40,'$2a$10$Yrn3/qv4c3XxHP7CKIYsuefT.Bo6NPLn181ltIQzuV/5kjEZdTvFy','2014-04-07','Active',0,0,50,'hr18',0,0),(29,0,'hr19','','hr19',4,40,'$2a$10$PJubMosZFqGbvUOhTizJ5O3bxWEyGRaCYbQ1hIgyj6uon3gnxD55y','2014-04-07','Active',0,0,50,'hr19',0,0),(30,0,'hr20','','hr20',4,40,'$2a$10$8fT6.OCLDbBZl6nm/zo2pO8szD9PBmfFBal68sBCFBdpfLt3SN73i','2014-04-07','Active',0,0,50,'hr20',0,0),(31,0,'e1','\0','e1',0,40,'$2a$10$QKabpfUgB.YHh9KwyrgrhuRYNAqfyVcXvWzppk3XfJTHIAmHE.Blu','2014-04-07','Active',1,1,0,'e1',0,0),(32,0,'e2','\0','e2',0,40,'$2a$10$1gtx9oiMs4e.AXzTHEDpTuoCik2/bQpMvwPMLzj6PLzXT7Awzfu.C','2014-04-07','Active',1,1,0,'e2',0,0),(33,0,'e3','\0','e3',0,40,'$2a$10$9Wy8QEHkvnkG39I5L3eYz.bFmaA5NvFsGsls5hI.3938J5I.pGnPq','2014-04-07','Active',1,1,0,'e3',0,0),(34,0,'e4','\0','e4',0,40,'$2a$10$ojMqnhLYcjpBUw/DbtC4fuPAOtMekugiTX1c.aieL89zUFwaXZdOC','2014-04-07','Active',1,1,0,'e4',0,0),(35,0,'e5','\0','e5',0,40,'$2a$10$/37b0da3h9K7QGAar75dAu753Ahw8mcwGxMer/tGaMMlnptQw7re2','2014-04-07','Active',1,1,0,'e5',0,0),(36,0,'e6','\0','e6',0,40,'$2a$10$i2vxjIc7smc2tW8nvOOSH.zalA2XB4c4.nkdibJSA.10.bzym/rDW','2014-04-07','Active',1,1,0,'e6',0,0),(37,0,'e7','\0','e7',0,40,'$2a$10$RxjzXGKywPrDfUly3YaxdO1d8Bpoi12IsHsWEkJGOfR1s.LNlzfP.','2014-04-07','Active',1,1,0,'e7',0,0),(38,0,'e8','\0','e8',0,40,'$2a$10$k7elWvjwsX3Wtzb1z5Y9Vu7eE8jVMixRknj6TQnzEhmSCZtHRK1ve','2014-04-07','Active',1,1,0,'e8',0,0),(39,0,'e9','\0','e9',0,40,'$2a$10$wGhG7/nb1N8k598wE0/RE.Q6.owzImaHULQqOLUO.BRjTFbQKGgHq','2014-04-07','Active',1,1,0,'e9',0,0),(40,0,'e10','\0','e10',0,40,'$2a$10$KZVq57eEM0CNIVYYCmOE6Ost57ZkgCw0IiApi/ie1XiQQEUGVC0Du','2014-04-07','Active',1,1,0,'e10',0,0),(41,0,'e11','\0','e11',0,40,'$2a$10$HrWo8qmSEnjUMrtR2UWOmODUuA3Sf3fqc3IldbZ7HvMvXsS9kafGS','2014-04-07','Active',1,1,0,'e11',0,0),(42,0,'e12','\0','e12',0,40,'$2a$10$4h5JtjjWFek43xS3Cv6vP.4z608EZCVNoWLkChz5ts0QYiuiUDMCS','2014-04-07','Active',1,1,0,'e12',0,0),(43,0,'e13','\0','e13',0,40,'$2a$10$hncs5xu1dWzmxfgg4RTRkuIaB79zUDr7sr0sD5ZZlFGUrg4MK6Ji6','2014-04-07','Active',1,1,0,'e13',0,0),(44,0,'e14','\0','e14',0,40,'$2a$10$lkAFp24G5kIiI4aPRFe6Meo7Inmkur4sKcN6vrsTOYqTf9uCWahY.','2014-04-07','Active',1,1,0,'e14',0,0),(45,0,'e15','\0','e15',0,40,'$2a$10$F79x0pJwXBaEOOfipsoe9elliwfERCe86H29ZZRHR1Lu6o4dX8DLi','2014-04-07','Active',1,1,0,'e15',0,0),(46,0,'e16','\0','e16',0,40,'$2a$10$viqlPOV6IFRHmI4RynoVPuONSyH6BwKcxhDPuw/ggs4mUMdxJhr3K','2014-04-07','Active',1,1,0,'e16',0,0),(47,0,'e17','\0','e17',0,40,'$2a$10$X6jRwhCQuZ/CFb90qy/b1emJffX1HTuzb6sEz.50bI8HMmQA5Wq5a','2014-04-07','Active',1,1,0,'e17',0,0),(48,0,'e18','\0','e18',0,40,'$2a$10$tqIbM9vO4JMZ0yRvkYHoC.6Oo9Ut8t92iNvH9NuufzzhkDI65m00O','2014-04-07','Active',1,1,0,'e18',0,0),(49,0,'e19','\0','e19',0,40,'$2a$10$rsdybogSe35p5EMGHh30N.b.buAkt02IuzADfmyMZmAaw7hzzLxku','2014-04-07','Active',1,1,0,'e19',0,0),(50,0,'e20','\0','e20',0,40,'$2a$10$n9bX4nUfulpm95vgWa1cCurk/a2mac2CW5t49KOGkhD7FiyEnT5bC','2014-04-07','Active',1,1,0,'e20',0,0),(51,0,'e21','\0','e21',0,40,'$2a$10$OhzEfIVzjroVgoMOMwU1q.mlRMwd/Cz7V2xOaIgylvgmC1D69DQd.','2014-04-07','Active',1,1,0,'e21',0,0),(52,0,'e22','\0','e22',0,40,'$2a$10$3RUebDQh0aNgsnElPbbtg.42.5raN9C2Dpjg.3STAxRo6raYlegPW','2014-04-07','Active',1,1,0,'e22',0,0),(53,0,'e23','\0','e23',0,40,'$2a$10$VvOPyfnmjLwVzMbsmD..LuT7PuJ8dywFT6Cv0jWVTH9w28GQjETCS','2014-04-07','Active',1,1,0,'e23',0,0),(54,0,'e24','\0','e24',0,40,'$2a$10$bh7TFcxmgnHL4WJKtRIvYOriMLFMvZYEwdqOqBiaub6pxEvwpUVia','2014-04-07','Active',1,1,0,'e24',0,0),(55,0,'e25','\0','e25',0,40,'$2a$10$n0BQxp3FYaDZnS7aXwrAk.Fd7rCDRGV2KTEYTRzQjy7RyZSra88MO','2014-04-07','Active',1,1,0,'e25',0,0),(56,0,'e26','\0','e26',0,40,'$2a$10$/RNgG3uiFPb/UX2hU.RjIuSMfRKOuRqps/ibxx/IK7x.tlLhdDeQ6','2014-04-07','Active',1,1,0,'e26',0,0),(57,0,'e27','\0','e27',0,40,'$2a$10$ZPdJ1hUWmzUpfzr22xoibuTTFmGp.cli9Ht4uWXAU5/ZNKvTJld1K','2014-04-07','Active',1,1,0,'e27',0,0),(58,0,'e28','\0','e28',0,40,'$2a$10$qrPAd465kwmT9bjXklJuN.ZgAp0XNm3wa40zWYV827XMeOvD9kSKm','2014-04-07','Active',1,1,0,'e28',0,0),(59,0,'e29','\0','e29',0,40,'$2a$10$jmPQzc26tXIX/Afq0Q4ndOCTwn73phw2nYNsiCNU68Lyd66p5ydH2','2014-04-07','Active',1,1,0,'e29',0,0),(60,0,'e30','\0','e30',0,40,'$2a$10$db7CuWzbkj3QPWxkaxquaOhUbuVV0BVvDBrS/bu99da9OlIY.X8Pq','2014-04-07','Active',1,1,0,'e30',0,0),(61,0,'e31','\0','e31',0,40,'$2a$10$yBI2hcneDcyBs5yXfpVCWOEj5u82PBWGaraTM5VYR4uVmkF67LkBS','2014-04-07','Active',1,1,0,'e31',0,0),(62,0,'e32','\0','e32',0,40,'$2a$10$aBp9T0Gv4QKrkBIs.FJ5kuXI.ZuxSe237m3sz9rgFmZixX/B0C/X.','2014-04-07','Active',1,1,0,'e32',0,0),(63,0,'e33','\0','e33',0,40,'$2a$10$w2KW4bl4N7vr08wxK6/ejOA4m9p8qt1a4Z8IkHcQ/Ecq9NWE4PDAy','2014-04-07','Active',1,1,0,'e33',0,0),(64,0,'e34','\0','e34',0,40,'$2a$10$B9YENQWYLgteHzmMWinGm.pzXl8EsrvOdTxydbrASDF5/ECoQ8vuy','2014-04-07','Active',1,1,0,'e34',0,0),(65,0,'e35','\0','e35',0,40,'$2a$10$r4H1VMVA/cCAYU0aEurBMeNGptobwz7eqblNY/L/A0f1ONI2wYRyu','2014-04-07','Active',1,1,0,'e35',0,0),(66,0,'e36','\0','e36',0,40,'$2a$10$Gm6ucebIST0tusejpDKG8un0CQl0JzKw4jOliINcr2Kx/pe2I47Mq','2014-04-07','Active',1,1,0,'e36',0,0),(67,0,'e37','\0','e37',0,40,'$2a$10$tOMTg9llG3jaPfLNykz5Nehbj27L9OusNFLYV2E8NtN3VmP.e/jq2','2014-04-07','Active',1,1,0,'e37',0,0),(68,0,'e38','\0','e38',0,40,'$2a$10$N6iaPa3Nn7JioCO4bnpHP.kOSC6cFd1fkp.GKuOfthhVXK/0zfr4S','2014-04-07','Active',1,1,0,'e38',0,0),(69,0,'e39','\0','e39',0,40,'$2a$10$I1Ii48cZ2ZRm38iIkqmzsOAzQc9CURuGdBo7moVYtBEaLWI8s8ViS','2014-04-07','Active',1,1,0,'e39',0,0),(70,0,'e40','\0','e40',0,40,'$2a$10$GATheecOS5eqsJ9IaT7CP.x97jDTOoMNa4msi85tKVjo/qtTYDGQy','2014-04-07','Active',1,1,0,'e40',0,0),(71,0,'e41','\0','e41',0,40,'$2a$10$QlhyfLhBTBIQRkYO6O9csuBf2kBSFQotVcKJ9slIf0gcABx2As5s6','2014-04-07','Active',1,1,0,'e41',0,0),(72,0,'e42','\0','e42',0,40,'$2a$10$NBk46cN1bV7kvitDePOpBO/dphoxhndyhtFPaU7pXndvJj6mgln76','2014-04-07','Active',1,1,0,'e42',0,0),(73,0,'e43','\0','e43',0,40,'$2a$10$smhmlI/uKbnlTe2Fx09AaezbfFhYdufKcMKosoYuOwz470dh8zCym','2014-04-07','Active',1,1,0,'e43',0,0),(74,0,'e44','\0','e44',0,40,'$2a$10$Q9MuUsFzLNFzzqx6bY6z3.llnnBx8IeAVOT8eZ/Hr4zxaCzjmuV2e','2014-04-07','Active',1,1,0,'e44',0,0),(75,0,'e45','\0','e45',0,40,'$2a$10$pipPHswa1vB8naJJOD7BDexHqg2fWGwOGm8e3tNmDW5vAAWJAySYK','2014-04-07','Active',1,1,0,'e45',0,0),(76,0,'e46','\0','e46',0,40,'$2a$10$RSXOMWAOvhinK93QtQZEF.gpBU7ReuNwNlHCH.WN2gVHI99pByQcm','2014-04-07','Active',1,1,0,'e46',0,0),(77,0,'e47','\0','e47',0,40,'$2a$10$Nipu0EFlXWoOBy9RBQr3qubQeoh4GKlmvldvtYfeUkOlMpwV9Y0ei','2014-04-07','Active',1,1,0,'e47',0,0),(78,0,'e48','\0','e48',0,40,'$2a$10$9sMLAq1bvZ5rZLkhRwczJeeWPa4p0EQ5jNtjhg4HtxoCQyvY2TTy6','2014-04-07','Active',1,1,0,'e48',0,0),(79,0,'e49','\0','e49',0,40,'$2a$10$HLeBMLdwnyaFSl1dtiP9EezYGqtqj36vdXoB4DOYP4TqX.Mx.DLa.','2014-04-07','Active',1,1,0,'e49',0,0),(80,0,'e50','\0','e50',0,40,'$2a$10$QblqPpqoWuJA4XwW49uNYupqxAXBMzEoWbQcsuOtb6Et9aUg2tNmi','2014-04-07','Active',1,1,0,'e50',0,0),(81,0,'e51','\0','e51',0,40,'$2a$10$G8cYLiAs.1J/fZdwldThWORDQZR8nx.p2nuxqSIVctUBPJVQnClpm','2014-04-07','Active',1,1,0,'e51',0,0),(82,0,'e52','\0','e52',0,40,'$2a$10$l3BDPZiQ3357orvr2jPQ2eMSRVmrl9Q4XlFN8iKZqjo/EYC3CcecW','2014-04-07','Active',1,1,0,'e52',0,0),(83,0,'e53','\0','e53',0,40,'$2a$10$1bhqWlq6t.eq3Rb3HygGoeR83.DGJ97O4fRkd4rXawZ/d478tqZu6','2014-04-07','Active',1,1,0,'e53',0,0),(84,0,'e54','\0','e54',0,40,'$2a$10$58ZL2TkZkbBzC9WLq.nYDODwU1DcqJ36Liz6ljc2Aax.D8eGhVru6','2014-04-07','Active',1,1,0,'e54',0,0),(85,0,'e55','\0','e55',0,40,'$2a$10$bIPduMDpI4.DPyiYVpUyhuba4uDUEa.RxnSRA1LwjOvw/MZr264N2','2014-04-07','Active',1,1,0,'e55',0,0),(86,0,'e56','\0','e56',0,40,'$2a$10$Xl9bqmEhWWA5TTs.mQFPX.RS4nn87xxJwEyvfJpfYJqdzdQM7r8fa','2014-04-07','Active',1,1,0,'e56',0,0),(87,0,'e57','\0','e57',0,40,'$2a$10$JeVv7M.zyqBm3lbLT/F0C.9Y51NYijnB1hZmFyLSKFf6k2r.qwhlG','2014-04-07','Active',1,1,0,'e57',0,0),(88,0,'e58','\0','e58',0,40,'$2a$10$qS09A9oBBqOsv836plVZi.CR5yddOzMPljj60bOfIR42bF7enZ4Z.','2014-04-07','Active',1,1,0,'e58',0,0),(89,0,'e59','\0','e59',0,40,'$2a$10$C26SAslFDmYFEsGAvY/qDupWPVbHbhl5MeO5QrBUOQ9GPH08zQN3q','2014-04-07','Active',1,1,0,'e59',0,0),(90,0,'e60','\0','e60',0,40,'$2a$10$7b7u8o6OLxn/YmZ7cie4Ae9KqmSrYdhwQRei/cj23MQZNCwfk76k6','2014-04-07','Active',1,1,0,'e60',0,0),(91,0,'e61','\0','e61',0,40,'$2a$10$kh2TPJ27ycB/JeRBJDtlL.JMljpv6gFpY2NKVwNPeuNOSPaICMQ1K','2014-04-07','Active',1,1,0,'e61',0,0),(92,0,'e62','\0','e62',0,40,'$2a$10$oh2BJbfRgH.8nAHjh9Fe4uHNInkkXIeR/2Hp5a1AilAHMMkbmt59W','2014-04-07','Active',1,1,0,'e62',0,0),(93,0,'e63','\0','e63',0,40,'$2a$10$XYBld6eGp11z0zyJ/qF1Xug4d5mLmzc0jsF3ALgeFKPgAID4MvTPu','2014-04-07','Active',1,1,0,'e63',0,0),(94,0,'e64','\0','e64',0,40,'$2a$10$x1sNsMIDolnhJUPKxnuCqu2wtv61ZZiGoAjb.s7eLrtRVOfYf0v2G','2014-04-07','Active',1,1,0,'e64',0,0),(95,0,'e65','\0','e65',0,40,'$2a$10$yGxopkTm3ww5XjMUKCfiROuB3JBMXnV8QR.alwDcJILpPOYaPslwO','2014-04-07','Active',1,1,0,'e65',0,0),(96,0,'e66','\0','e66',0,40,'$2a$10$VrN3r1XuEPeGpxZgFTdlL.GMVZsTMGF4DBuFL46vAIYNox.eO2lb6','2014-04-07','Active',1,1,0,'e66',0,0),(97,0,'e67','\0','e67',0,40,'$2a$10$8Qo6ztsE/27bI2ySD0Ehu.ZEt1Mgdnm7iTykgpfmh3/ZLqj7rSeru','2014-04-07','Active',1,1,0,'e67',0,0),(98,0,'e68','\0','e68',0,40,'$2a$10$gjPddCpN9UZvWNWDEyFwCOtpLTt/KTdkJAxTYX8XOjf6vZ41k2J26','2014-04-07','Active',1,1,0,'e68',0,0),(99,0,'e69','\0','e69',0,40,'$2a$10$5h7ox7S5rYext4NbwrkD/OzCQBo20W3OKwRrDFL.6MqbuekLMu4E2','2014-04-07','Active',1,1,0,'e69',0,0),(100,0,'e70','\0','e70',0,40,'$2a$10$cBZP63cVowiCztq7CJ8VYuNtG0e7hC/y5Goi9/HOEPcsUYnOze5I.','2014-04-07','Active',1,1,0,'e70',0,0),(101,0,'e71','\0','e71',0,40,'$2a$10$cVAThRUonRjTpUI4W1c5FO7ES9INVTwhB9QkmNXEaO8MpKfI/aHp6','2014-04-07','Active',1,1,0,'e71',0,0),(102,0,'e72','\0','e72',0,40,'$2a$10$aSpaNxygsVn0bnUP5dz9aOh1F5otw1HfNO17zJH7rUReqVKdvsBvO','2014-04-07','Active',1,1,0,'e72',0,0),(103,0,'e73','\0','e73',0,40,'$2a$10$vvroy.O0nbLBFxCopmhA6uNSkwb32p2R6Tkagv80fg/xDM903cIc2','2014-04-07','Active',1,1,0,'e73',0,0),(104,0,'e74','\0','e74',0,40,'$2a$10$A8Y4j/Lags3zuH.QoS3U7O3iQpYMUy0VggCxtpyzs2/Uh.0oU0Yv.','2014-04-07','Active',1,1,0,'e74',0,0),(105,0,'e75','\0','e75',0,40,'$2a$10$.aLorKKATJ4bVkHW/FEhR.lzyWo9PG9vnOaoAG4CMX8gpPVq36T7S','2014-04-07','Active',1,1,0,'e75',0,0),(106,0,'e76','\0','e76',0,40,'$2a$10$LNc8.l.WFRYt2v1pFhiiuuZwMxuGHGyMfpSIJmCmwqN54z0EO63PS','2014-04-07','Active',1,1,0,'e76',0,0),(107,0,'e77','\0','e77',0,40,'$2a$10$4TM03hBrcykRjhUP9OMkxu1MbJf6JgtDGgc1610Pr2u63YaoxQyn6','2014-04-07','Active',1,1,0,'e77',0,0),(108,0,'e78','\0','e78',0,40,'$2a$10$BMlNUS33IGixLdpQUHe69eAIU25hkDpNGSu6KHtKeROfdpfwY8IUa','2014-04-07','Active',1,1,0,'e78',0,0),(109,0,'e79','\0','e79',0,40,'$2a$10$YtbUlz1RwZuUx/jTep9d6OWV8Wpy6UrE/rWDLYFqiVbLtj/iyHA6u','2014-04-07','Active',1,1,0,'e79',0,0),(110,0,'e80','\0','e80',0,40,'$2a$10$6xLIBQhU454jRNQuIYKUWuFg1xI6lPjseGeZKDiJ0F8cc8uy7iSSi','2014-04-07','Active',1,1,0,'e80',0,0),(111,0,'e81','\0','e81',0,40,'$2a$10$RyevJxn1YKIzDMpBFE2Sderm7JNsEhICpT9zYQWPc2O.vRE3hxXZC','2014-04-07','Active',1,1,0,'e81',0,0),(112,0,'e82','\0','e82',0,40,'$2a$10$8b/5Ww3uWU7u6ypv6EpRyuAPowg8YuhahBzmXBkIUP1IZOr/.wzE.','2014-04-07','Active',1,1,0,'e82',0,0),(113,0,'e83','\0','e83',0,40,'$2a$10$rOPT/iwBl1Ko32E7f73/0uOLg4ujX0CUrlJlyunKqEK/fSBydbapi','2014-04-07','Active',1,1,0,'e83',0,0),(114,0,'e84','\0','e84',0,40,'$2a$10$qftndg199m3natOB0hzG8uOmqPQ7xPULI2F7/Jbca7q4kPxH38StS','2014-04-07','Active',1,1,0,'e84',0,0),(115,0,'e85','\0','e85',0,40,'$2a$10$xASwK9cEr/XyP70ILlGPtOas9LUeVmYOipS5f2lo6EV8INgQRzy/a','2014-04-07','Active',1,1,0,'e85',0,0),(116,0,'e86','\0','e86',0,40,'$2a$10$MPPFog4xzqyfPdAub6yLgOvaKP.F5NUgS/PTWBd69CLdJ6CASISIK','2014-04-07','Active',1,1,0,'e86',0,0),(117,0,'e87','\0','e87',0,40,'$2a$10$8WSjqMKlq5iRwdFmSl2RtOqxgqb6qhos69S.6dI5EfJ/yNzgapebi','2014-04-07','Active',1,1,0,'e87',0,0),(118,0,'e88','\0','e88',0,40,'$2a$10$9soApyi6rtdd.YUlHy/4se7lKBGUkvlv3mGQaEVddpQ.5/vA4aVrC','2014-04-07','Active',1,1,0,'e88',0,0),(119,0,'e89','\0','e89',0,40,'$2a$10$.YR7hXnSxyw2xi6VseWuM..IBQyrlD9db4TA0cGwkHDd1f2juPv4a','2014-04-07','Active',1,1,0,'e89',0,0),(120,0,'e90','\0','e90',0,40,'$2a$10$oVYjUKphaPUHRJjqACoNk.v1y8FmDDO.7qIOujwM8h.m/gp68LFRW','2014-04-07','Active',1,1,0,'e90',0,0),(121,0,'e91','\0','e91',0,40,'$2a$10$TIjxL4RQPf6mS2yW64fLnupijTAOZjDCw2gMxMDMA0ic6t76O/H12','2014-04-07','Active',1,1,0,'e91',0,0),(122,0,'e92','\0','e92',0,40,'$2a$10$uC/ZXwb1ME3LvXW0KtMBxeN5B8I1TCdoo0illLw2Lv/bUPsBowmaK','2014-04-07','Active',1,1,0,'e92',0,0),(123,0,'e93','\0','e93',0,40,'$2a$10$0H6xq.Chc9GKioBldnu.UepYzoqLSV2YAy7ViAD26UvPZIUT4I3b.','2014-04-07','Active',1,1,0,'e93',0,0),(124,0,'e94','\0','e94',0,40,'$2a$10$.94zONwDj.V8s34lvcPJFe8OEcjeQLq8vztREyyw8BcvJcLwIFNrO','2014-04-07','Active',1,1,0,'e94',0,0),(125,0,'e95','\0','e95',0,40,'$2a$10$KRdFdOvCLw3cnMXhhOexFePDdP/djnqi8TcIkno9ZnOBdrFqhYJcW','2014-04-07','Active',1,1,0,'e95',0,0),(126,0,'e96','\0','e96',0,40,'$2a$10$4G/offqqK3faM9MYUr6eseGMxOH2Xe2n7BmrT7lUHPrBqAhd7wRem','2014-04-07','Active',1,1,0,'e96',0,0),(127,0,'e97','\0','e97',0,40,'$2a$10$UVAVsjFVdUia6Z61BtLq.eWoMyUsv6bLusxSDyjm7iwXvd0hD6gw6','2014-04-07','Active',1,1,0,'e97',0,0),(128,0,'e98','\0','e98',0,40,'$2a$10$8SLiOni9DVD2OoMjjHwN1uU/2MHFWpJX5g4dYO2oZcnKrgjXx63iO','2014-04-07','Active',1,1,0,'e98',0,0),(129,0,'e99','\0','e99',0,40,'$2a$10$5IgatgQSTxo9VccuSeU7TONfkVoXTEfGKb60KvAuk9yLtEvnxOheO','2014-04-07','Active',1,1,0,'e99',0,0),(130,0,'e100','\0','e100',0,40,'$2a$10$Fs..gyzkS1uzlWyk3EjBnOuf8pQjIYl.eBPwYQ6kqleqRvcyFtzOe','2014-04-07','Active',1,1,0,'e100',0,0),(131,0,'s1','','s1',4,40,'$2a$10$7xFJSP/ycNKK0jABkd/tZ.W9dLrly.RR0dl4N/pmit/yS/0uvOA9K','2014-04-07','Active',0,0,50,'s1',0,0),(132,0,'s2','','s2',4,40,'$2a$10$3xWldbsbRFDHRVoK2NKrN.hIoP5sFJ/1XSR/xF3ZiqmhoXEh.g23C','2014-04-07','Active',0,0,50,'s2',0,0),(133,0,'s3','','s3',4,40,'$2a$10$s/.ID1.Sqjiroao2CPBkxuOmEv9GwoyobC1NKoL84UZlHWI2X6Rfe','2014-04-07','Active',0,0,50,'s3',0,0),(134,0,'s4','','s4',4,40,'$2a$10$GdBPcs5zuitcbQaVsO6gcOLFozWaNPRjZfVpw.ImPM9BZIu9F2eIa','2014-04-07','Active',0,0,50,'s4',0,0),(135,0,'s5','','s5',4,40,'$2a$10$RQqMQg5fG0H9Ux29R5dD0eWxKPac/7.dP5wIQDlaXGgNPgURg0v4a','2014-04-07','Active',0,0,50,'s5',0,0),(136,0,'s6','','s6',4,40,'$2a$10$Cl3D1bgVM0T1/jA0KbAYouQsuwbwIjT88Ewrd0nQ76pi7yGYqlchW','2014-04-07','Active',0,0,50,'s6',0,0),(137,0,'s7','','s7',4,40,'$2a$10$HubkeYXoboYC3G1ejXQDEuINusCKmLtLlaT8ZrKafzf3pS2XXeIMS','2014-04-07','Active',0,0,50,'s7',0,0),(138,0,'s8','','s8',4,40,'$2a$10$qjPobr7k7ZM/xwerL6efdOfrNzQxdIFnptC4xNTo/z1NgphZadzJa','2014-04-07','Active',0,0,50,'s8',0,0),(139,0,'s9','','s9',4,40,'$2a$10$Hw4PpOx2uD/52MyZvF721Omb9Xm2vIw/9oM9iT6VcRgQxLP9vv3MG','2014-04-07','Active',0,0,50,'s9',0,0),(140,0,'s10','','s10',4,40,'$2a$10$ws.YrvYQbc2u8YWin7Y9lutxoVta2SaBSmyIxxat8jAh30lngtUXq','2014-04-07','Active',0,0,50,'s10',0,0),(141,0,'s11','','s11',4,40,'$2a$10$g0zYupZAJBQxIXKMqqTxvenPkl.cWhuwNJORHZ6vnhA9lypUDqFFu','2014-04-07','Active',0,0,50,'s11',0,0),(142,0,'s12','','s12',4,40,'$2a$10$Dqj7oLZ3lqkpIedkgSqp1..qxk4U9Q.qDLLcxGwoTMFdy3HHETAGi','2014-04-07','Active',0,0,50,'s12',0,0),(143,0,'s13','','s13',4,40,'$2a$10$ZJjiId.Xyu8OhvcGOBXnvuK7ZU7YiAz5b/tuap77mOxnTRymesS9O','2014-04-07','Active',0,0,50,'s13',0,0),(144,0,'s14','','s14',4,40,'$2a$10$fgpj8cefqMVPvk9MmElDPOGB1n6jiaFkAQqqRvQuv7h4MpL5mXuvu','2014-04-07','Active',0,0,50,'s14',0,0),(145,0,'s15','','s15',4,40,'$2a$10$n9nilXOHoxFn5mymoL6ec.fnliO2gE6gllAaArPZnA46b7eCO/p/m','2014-04-07','Active',0,0,50,'s15',0,0),(146,0,'s16','','s16',4,40,'$2a$10$SkNbQoZKrVJhESOnUr3uN.hckye68dEkLzBA//E42FolSrbNrNHdO','2014-04-07','Active',0,0,50,'s16',0,0),(147,0,'s17','','s17',4,40,'$2a$10$1P5fmpopzXLWeuFpiAdPdecrhggjO2V8kWD2LvVX6ZKvQSbjnJdbK','2014-04-07','Active',0,0,50,'s17',0,0),(148,0,'s18','','s18',4,40,'$2a$10$XPKIs3DULtB8rJ2rtHETeeg5Tk60lvIDAYmRYecmzM5OJ4jSACfPe','2014-04-07','Active',0,0,50,'s18',0,0),(149,0,'s19','','s19',4,40,'$2a$10$eAm1tgXWxAFjZYKAgddgqONWthK6FNvDh/VOvr37Pa8jeuxSzrBcS','2014-04-07','Active',0,0,50,'s19',0,0),(150,0,'s20','','s20',4,40,'$2a$10$PsYSogeP8Z.tDu5M0JzuUODa17Uv4tvRUX4dVyA5y5YMjR/CtN3my','2014-04-07','Active',0,0,50,'s20',0,0),(151,0,'s21','','s21',4,40,'$2a$10$XMq3TSzNtauoraXIUNXiLO734hRd.4XtwTF13OwRL6vasCiTDxEtO','2014-04-07','Active',0,0,50,'s21',0,0),(152,0,'s22','','s22',4,40,'$2a$10$93TCSPTqjha8kRys0/1eJeqvOArPbtwc4nblpiT5ty0xMtObR1GLO','2014-04-07','Active',0,0,50,'s22',0,0),(153,0,'s23','','s23',4,40,'$2a$10$DR0O.jyYas0PrWTDV7/6lO.KeADVtdspkTa7hbKOkYH03l615/vLW','2014-04-07','Active',0,0,50,'s23',0,0),(154,0,'s24','','s24',4,40,'$2a$10$/OVqBEKId9oQDSsdSjaB..bVerz7WciE1U8QnIBCO7bKn.kjJtpo.','2014-04-07','Active',0,0,50,'s24',0,0),(155,0,'s25','','s25',4,40,'$2a$10$Ec8GUDSnlxbLbYvuYhc7Ser8fWf.Sjy3w0VrFRVGw1dVG6N8yMmZS','2014-04-07','Active',0,0,50,'s25',0,0);
/*!40000 ALTER TABLE `User` ENABLE KEYS */;
UNLOCK TABLES;

--
-- Dumping data for table `UserPayRateHistory`
--

LOCK TABLES `UserPayRateHistory` WRITE;
/*!40000 ALTER TABLE `UserPayRateHistory` DISABLE KEYS */;
/*!40000 ALTER TABLE `UserPayRateHistory` ENABLE KEYS */;
UNLOCK TABLES;

--
-- Dumping data for table `Effort`
--

LOCK TABLES `Effort` WRITE;
/*!40000 ALTER TABLE `Effort` DISABLE KEYS */;
INSERT INTO `Effort` VALUES (205,'P1',50,0),(206,'P2',50,0),(207,'P3',50,0),(208,'P4',50,0),(209,'P5',50,0),(210,'DS',50,0),(211,'SS',50,0),(212,'P1',100,0),(213,'P2',100,0),(214,'P3',100,0),(215,'P4',100,0),(216,'P5',100,0),(217,'DS',100,0),(218,'SS',100,0),(219,'P1',2300,0),(220,'P2',2400,0),(221,'P3',2500,0),(222,'P4',2600,0),(223,'P5',2700,0),(224,'DS',2800,0),(225,'SS',2900,0),(229,'P1',10,0),(230,'P2',10,0),(231,'P3',10,0),(232,'P4',10,0),(233,'P5',10,0),(234,'SS',10,0),(235,'SS',10,0),(236,'P1',10,0),(237,'P2',10,0),(238,'P3',10,0),(239,'P4',10,0),(240,'P5',10,0),(241,'SS',10,0),(242,'SS',10,0),(243,'P1',10,0),(244,'P2',10,0),(245,'P3',10,0),(246,'P4',10,0),(247,'P5',10,0),(248,'SS',10,0),(249,'SS',10,0),(250,'P1',10,0),(251,'P2',10,0),(252,'P3',10,0),(253,'P4',10,0),(254,'P5',10,0),(255,'SS',10,0),(256,'SS',10,0),(257,'P1',10,0),(258,'P2',10,0),(259,'P3',10,0),(260,'P4',10,0),(261,'P5',10,0),(262,'SS',10,0),(263,'SS',10,0),(264,'P1',10,0),(265,'P2',10,0),(266,'P3',10,0),(267,'P4',10,0),(268,'P5',10,0),(269,'SS',10,0),(270,'SS',10,0),(271,'P1',10,0),(272,'P2',10,0),(273,'P3',10,0),(274,'P4',10,0),(275,'P5',10,0),(276,'SS',10,0),(277,'SS',10,0),(278,'P1',10,0),(279,'P2',10,0),(280,'P3',10,0),(281,'P4',10,0),(282,'P5',10,0),(283,'SS',10,0),(284,'SS',10,0),(285,'P1',10,0),(286,'P2',10,0),(287,'P3',10,0),(288,'P4',10,0),(289,'P5',10,0),(290,'SS',10,0),(291,'SS',10,0),(292,'P1',10,0),(293,'P2',10,0),(294,'P3',10,0),(295,'P4',10,0),(296,'P5',10,0),(297,'SS',10,0),(298,'SS',10,0),(299,'P1',10,0),(300,'P2',10,0),(301,'P3',10,0),(302,'P4',10,0),(303,'P5',10,0),(304,'SS',10,0),(305,'SS',10,0),(306,'P1',10,0),(307,'P2',10,0),(308,'P3',10,0),(309,'P4',10,0),(310,'P5',10,0),(311,'SS',10,0),(312,'SS',10,0),(313,'P1',10,0),(314,'P2',10,0),(315,'P3',10,0),(316,'P4',10,0),(317,'P5',10,0),(318,'SS',10,0),(319,'SS',10,0),(320,'P1',10,0),(321,'P2',10,0),(322,'P3',10,0),(323,'P4',10,0),(324,'P5',10,0),(325,'SS',10,0),(326,'SS',10,0),(327,'P1',10,0),(328,'P2',10,0),(329,'P3',10,0),(330,'P4',10,0),(331,'P5',10,0),(332,'SS',10,0),(333,'SS',10,0),(334,'P1',10,0),(335,'P2',10,0),(336,'P3',10,0),(337,'P4',10,0),(338,'P5',10,0),(339,'SS',10,0),(340,'SS',10,0),(341,'P1',10,0),(342,'P2',10,0),(343,'P3',10,0),(344,'P4',10,0),(345,'P5',10,0),(346,'SS',10,0),(347,'SS',10,0),(348,'P1',10,0),(349,'P2',10,0),(350,'P3',10,0),(351,'P4',10,0),(352,'P5',10,0),(353,'SS',10,0),(354,'SS',10,0),(355,'P1',10,0),(356,'P2',10,0),(357,'P3',10,0),(358,'P4',10,0),(359,'P5',10,0),(360,'SS',10,0),(361,'SS',10,0),(362,'P1',10,0),(363,'P2',10,0),(364,'P3',10,0),(365,'P4',10,0),(366,'P5',10,0),(367,'SS',10,0),(368,'SS',10,0),(369,'P1',10,0),(370,'P2',10,0),(371,'P3',10,0),(372,'P4',10,0),(373,'P5',10,0),(374,'SS',10,0),(375,'SS',10,0),(376,'P1',10,0),(377,'P2',10,0),(378,'P3',10,0),(379,'P4',10,0),(380,'P5',10,0),(381,'SS',10,0),(382,'SS',10,0),(383,'P1',10,0),(384,'P2',10,0),(385,'P3',10,0),(386,'P4',10,0),(387,'P5',10,0),(388,'SS',10,0),(389,'SS',10,0),(390,'P1',10,0),(391,'P2',10,0),(392,'P3',10,0),(393,'P4',10,0),(394,'P5',10,0),(395,'SS',10,0),(396,'SS',10,0),(397,'P1',10,0),(398,'P2',10,0),(399,'P3',10,0),(400,'P4',10,0),(401,'P5',10,0),(402,'SS',10,0),(403,'SS',10,0),(404,'P1',10,0),(405,'P2',10,0),(406,'P3',10,0),(407,'P4',10,0),(408,'P5',10,0),(409,'SS',10,0),(410,'SS',10,0),(411,'P1',10,0),(412,'P2',10,0),(413,'P3',10,0),(414,'P4',10,0),(415,'P5',10,0),(416,'SS',10,0),(417,'SS',10,0),(418,'P1',10,0),(419,'P2',10,0),(420,'P3',10,0),(421,'P4',10,0),(422,'P5',10,0),(423,'SS',10,0),(424,'SS',10,0),(425,'P1',10,0),(426,'P2',10,0),(427,'P3',10,0),(428,'P4',10,0),(429,'P5',10,0),(430,'SS',10,0),(431,'SS',10,0),(432,'P1',10,0),(433,'P2',10,0),(434,'P3',10,0),(435,'P4',10,0),(436,'P5',10,0),(437,'SS',10,0),(438,'SS',10,0),(439,'P1',10,0),(440,'P2',10,0),(441,'P3',10,0),(442,'P4',10,0),(443,'P5',10,0),(444,'SS',10,0),(445,'SS',10,0),(446,'P1',10,0),(447,'P2',10,0),(448,'P3',10,0),(449,'P4',10,0),(450,'P5',10,0),(451,'SS',10,0),(452,'SS',10,0),(453,'P1',10,0),(454,'P2',10,0),(455,'P3',10,0),(456,'P4',10,0),(457,'P5',10,0),(458,'SS',10,0),(459,'SS',10,0),(460,'P1',10,0),(461,'P2',10,0),(462,'P3',10,0),(463,'P4',10,0),(464,'P5',10,0),(465,'SS',10,0),(466,'SS',10,0),(467,'P1',10,0),(468,'P2',10,0),(469,'P3',10,0),(470,'P4',10,0),(471,'P5',10,0),(472,'SS',10,0),(473,'SS',10,0),(474,'P1',10,0),(475,'P2',10,0),(476,'P3',10,0),(477,'P4',10,0),(478,'P5',10,0),(479,'SS',10,0),(480,'SS',10,0),(481,'P1',10,0),(482,'P2',10,0),(483,'P3',10,0),(484,'P4',10,0),(485,'P5',10,0),(486,'SS',10,0),(487,'SS',10,0),(488,'P1',10,0),(489,'P2',10,0),(490,'P3',10,0),(491,'P4',10,0),(492,'P5',10,0),(493,'SS',10,0),(494,'SS',10,0),(495,'P1',10,0),(496,'P2',10,0),(497,'P3',10,0),(498,'P4',10,0),(499,'P5',10,0),(500,'SS',10,0),(501,'SS',10,0),(502,'P1',10,0),(503,'P2',10,0),(504,'P3',10,0),(505,'P4',10,0),(506,'P5',10,0),(507,'SS',10,0),(508,'SS',10,0),(509,'P1',10,0),(510,'P2',10,0),(511,'P3',10,0),(512,'P4',10,0),(513,'P5',10,0),(514,'SS',10,0),(515,'SS',10,0),(516,'P1',10,0),(517,'P2',10,0),(518,'P3',10,0),(519,'P4',10,0),(520,'P5',10,0),(521,'SS',10,0),(522,'SS',10,0),(523,'P1',10,0),(524,'P2',10,0),(525,'P3',10,0),(526,'P4',10,0),(527,'P5',10,0),(528,'SS',10,0),(529,'SS',10,0),(530,'P1',10,0),(531,'P2',10,0),(532,'P3',10,0),(533,'P4',10,0),(534,'P5',10,0),(535,'SS',10,0),(536,'SS',10,0),(537,'P1',10,0),(538,'P2',10,0),(539,'P3',10,0),(540,'P4',10,0),(541,'P5',10,0),(542,'SS',10,0),(543,'SS',10,0),(544,'P1',10,0),(545,'P2',10,0),(546,'P3',10,0),(547,'P4',10,0),(548,'P5',10,0),(549,'SS',10,0),(550,'SS',10,0),(551,'P1',10,0),(552,'P2',10,0),(553,'P3',10,0),(554,'P4',10,0),(555,'P5',10,0),(556,'SS',10,0),(557,'SS',10,0),(558,'P1',10,0),(559,'P2',10,0),(560,'P3',10,0),(561,'P4',10,0),(562,'P5',10,0),(563,'SS',10,0),(564,'SS',10,0),(565,'P1',10,0),(566,'P2',10,0),(567,'P3',10,0),(568,'P4',10,0),(569,'P5',10,0),(570,'SS',10,0),(571,'SS',10,0),(572,'P1',10,0),(573,'P2',10,0),(574,'P3',10,0),(575,'P4',10,0),(576,'P5',10,0),(577,'SS',10,0),(578,'SS',10,0),(579,'P1',10,0),(580,'P2',10,0),(581,'P3',10,0),(582,'P4',10,0),(583,'P5',10,0),(584,'SS',10,0),(585,'SS',10,0),(586,'P1',10,0),(587,'P2',10,0),(588,'P3',10,0),(589,'P4',10,0),(590,'P5',10,0),(591,'SS',10,0),(592,'SS',10,0),(593,'P1',10,0),(594,'P2',10,0),(595,'P3',10,0),(596,'P4',10,0),(597,'P5',10,0),(598,'SS',10,0),(599,'SS',10,0),(600,'P1',10,0),(601,'P2',10,0),(602,'P3',10,0),(603,'P4',10,0),(604,'P5',10,0),(605,'SS',10,0),(606,'SS',10,0),(607,'P1',10,0),(608,'P2',10,0),(609,'P3',10,0),(610,'P4',10,0),(611,'P5',10,0),(612,'SS',10,0),(613,'SS',10,0),(614,'P1',10,0),(615,'P2',10,0),(616,'P3',10,0),(617,'P4',10,0),(618,'P5',10,0),(619,'SS',10,0),(620,'SS',10,0),(621,'P1',10,0),(622,'P2',10,0),(623,'P3',10,0),(624,'P4',10,0),(625,'P5',10,0),(626,'SS',10,0),(627,'SS',10,0),(628,'P1',10,0),(629,'P2',10,0),(630,'P3',10,0),(631,'P4',10,0),(632,'P5',10,0),(633,'SS',10,0),(634,'SS',10,0),(635,'P1',10,0),(636,'P2',10,0),(637,'P3',10,0),(638,'P4',10,0),(639,'P5',10,0),(640,'SS',10,0),(641,'SS',10,0),(642,'P1',10,0),(643,'P2',10,0),(644,'P3',10,0),(645,'P4',10,0),(646,'P5',10,0),(647,'SS',10,0),(648,'SS',10,0),(649,'P1',10,0),(650,'P2',10,0),(651,'P3',10,0),(652,'P4',10,0),(653,'P5',10,0),(654,'SS',10,0),(655,'SS',10,0),(656,'P1',10,0),(657,'P2',10,0),(658,'P3',10,0),(659,'P4',10,0),(660,'P5',10,0),(661,'SS',10,0),(662,'SS',10,0),(663,'P1',10,0),(664,'P2',10,0),(665,'P3',10,0),(666,'P4',10,0),(667,'P5',10,0),(668,'SS',10,0),(669,'SS',10,0),(670,'P1',10,0),(671,'P2',10,0),(672,'P3',10,0),(673,'P4',10,0),(674,'P5',10,0),(675,'SS',10,0),(676,'SS',10,0),(677,'P1',10,0),(678,'P2',10,0),(679,'P3',10,0),(680,'P4',10,0),(681,'P5',10,0),(682,'SS',10,0),(683,'SS',10,0),(684,'P1',10,0),(685,'P2',10,0),(686,'P3',10,0),(687,'P4',10,0),(688,'P5',10,0),(689,'SS',10,0),(690,'SS',10,0),(691,'P1',10,0),(692,'P2',10,0),(693,'P3',10,0),(694,'P4',10,0),(695,'P5',10,0),(696,'SS',10,0),(697,'SS',10,0),(698,'P1',10,0),(699,'P2',10,0),(700,'P3',10,0),(701,'P4',10,0),(702,'P5',10,0),(703,'SS',10,0),(704,'SS',10,0),(705,'P1',10,0),(706,'P2',10,0),(707,'P3',10,0),(708,'P4',10,0),(709,'P5',10,0),(710,'SS',10,0),(711,'SS',10,0),(712,'P1',10,0),(713,'P2',10,0),(714,'P3',10,0),(715,'P4',10,0),(716,'P5',10,0),(717,'SS',10,0),(718,'SS',10,0),(719,'P1',10,0),(720,'P2',10,0),(721,'P3',10,0),(722,'P4',10,0),(723,'P5',10,0),(724,'SS',10,0),(725,'SS',10,0),(726,'P1',10,0),(727,'P2',10,0),(728,'P3',10,0),(729,'P4',10,0),(730,'P5',10,0),(731,'SS',10,0),(732,'SS',10,0),(733,'P1',10,0),(734,'P2',10,0),(735,'P3',10,0),(736,'P4',10,0),(737,'P5',10,0),(738,'SS',10,0),(739,'SS',10,0),(740,'P1',10,0),(741,'P2',10,0),(742,'P3',10,0),(743,'P4',10,0),(744,'P5',10,0),(745,'SS',10,0),(746,'SS',10,0),(747,'P1',10,0),(748,'P2',10,0),(749,'P3',10,0),(750,'P4',10,0),(751,'P5',10,0),(752,'SS',10,0),(753,'SS',10,0),(754,'P1',10,0),(755,'P2',10,0),(756,'P3',10,0),(757,'P4',10,0),(758,'P5',10,0),(759,'SS',10,0),(760,'SS',10,0),(761,'P1',10,0),(762,'P2',10,0),(763,'P3',10,0),(764,'P4',10,0),(765,'P5',10,0),(766,'SS',10,0),(767,'SS',10,0),(768,'P1',10,0),(769,'P2',10,0),(770,'P3',10,0),(771,'P4',10,0),(772,'P5',10,0),(773,'SS',10,0),(774,'SS',10,0),(775,'P1',10,0),(776,'P2',10,0),(777,'P3',10,0),(778,'P4',10,0),(779,'P5',10,0),(780,'SS',10,0),(781,'SS',10,0),(782,'P1',10,0),(783,'P2',10,0),(784,'P3',10,0),(785,'P4',10,0),(786,'P5',10,0),(787,'SS',10,0),(788,'SS',10,0),(789,'P1',10,0),(790,'P2',10,0),(791,'P3',10,0),(792,'P4',10,0),(793,'P5',10,0),(794,'SS',10,0),(795,'SS',10,0),(796,'P1',10,0),(797,'P2',10,0),(798,'P3',10,0),(799,'P4',10,0),(800,'P5',10,0),(801,'SS',10,0),(802,'SS',10,0),(803,'P1',10,0),(804,'P2',10,0),(805,'P3',10,0),(806,'P4',10,0),(807,'P5',10,0),(808,'SS',10,0),(809,'SS',10,0),(810,'P1',10,0),(811,'P2',10,0),(812,'P3',10,0),(813,'P4',10,0),(814,'P5',10,0),(815,'SS',10,0),(816,'SS',10,0),(817,'P1',10,0),(818,'P2',10,0),(819,'P3',10,0),(820,'P4',10,0),(821,'P5',10,0),(822,'SS',10,0),(823,'SS',10,0),(824,'P1',10,0),(825,'P2',10,0),(826,'P3',10,0),(827,'P4',10,0),(828,'P5',10,0),(829,'SS',10,0),(830,'SS',10,0),(831,'P1',10,0),(832,'P2',10,0),(833,'P3',10,0),(834,'P4',10,0),(835,'P5',10,0),(836,'SS',10,0),(837,'SS',10,0),(838,'P1',10,0),(839,'P2',10,0),(840,'P3',10,0),(841,'P4',10,0),(842,'P5',10,0),(843,'SS',10,0),(844,'SS',10,0),(845,'P1',10,0),(846,'P2',10,0),(847,'P3',10,0),(848,'P4',10,0),(849,'P5',10,0),(850,'SS',10,0),(851,'SS',10,0),(852,'P1',10,0),(853,'P2',10,0),(854,'P3',10,0),(855,'P4',10,0),(856,'P5',10,0),(857,'SS',10,0),(858,'SS',10,0),(859,'P1',10,0),(860,'P2',10,0),(861,'P3',10,0),(862,'P4',10,0),(863,'P5',10,0),(864,'SS',10,0),(865,'SS',10,0),(866,'P1',10,0),(867,'P2',10,0),(868,'P3',10,0),(869,'P4',10,0),(870,'P5',10,0),(871,'SS',10,0),(872,'SS',10,0),(873,'P1',10,0),(874,'P2',10,0),(875,'P3',10,0),(876,'P4',10,0),(877,'P5',10,0),(878,'SS',10,0),(879,'SS',10,0),(880,'P1',10,0),(881,'P2',10,0),(882,'P3',10,0),(883,'P4',10,0),(884,'P5',10,0),(885,'SS',10,0),(886,'SS',10,0),(887,'P1',10,0),(888,'P2',10,0),(889,'P3',10,0),(890,'P4',10,0),(891,'P5',10,0),(892,'SS',10,0),(893,'SS',10,0),(894,'P1',10,0),(895,'P2',10,0),(896,'P3',10,0),(897,'P4',10,0),(898,'P5',10,0),(899,'SS',10,0),(900,'SS',10,0),(901,'P1',10,0),(902,'P2',10,0),(903,'P3',10,0),(904,'P4',10,0),(905,'P5',10,0),(906,'SS',10,0),(907,'SS',10,0),(908,'P1',10,0),(909,'P2',10,0),(910,'P3',10,0),(911,'P4',10,0),(912,'P5',10,0),(913,'SS',10,0),(914,'SS',10,0),(915,'P1',10,0),(916,'P2',10,0),(917,'P3',10,0),(918,'P4',10,0),(919,'P5',10,0),(920,'SS',10,0),(921,'SS',10,0),(922,'P1',10,0),(923,'P2',10,0),(924,'P3',10,0),(925,'P4',10,0),(926,'P5',10,0),(927,'SS',10,0),(928,'SS',10,0),(929,'P1',10,0),(930,'P2',10,0),(931,'P3',10,0),(932,'P4',10,0),(933,'P5',10,0),(934,'SS',10,0),(935,'SS',10,0),(936,'P1',10,0),(937,'P2',10,0),(938,'P3',10,0),(939,'P4',10,0),(940,'P5',10,0),(941,'SS',10,0),(942,'SS',10,0),(943,'P1',10,0),(944,'P2',10,0),(945,'P3',10,0),(946,'P4',10,0),(947,'P5',10,0),(948,'SS',10,0),(949,'SS',10,0),(950,'P1',10,0),(951,'P2',10,0),(952,'P3',10,0),(953,'P4',10,0),(954,'P5',10,0),(955,'SS',10,0),(956,'SS',10,0),(957,'P1',10,0),(958,'P2',10,0),(959,'P3',10,0),(960,'P4',10,0),(961,'P5',10,0),(962,'SS',10,0),(963,'SS',10,0),(964,'P1',10,0),(965,'P2',10,0),(966,'P3',10,0),(967,'P4',10,0),(968,'P5',10,0),(969,'SS',10,0),(970,'SS',10,0),(971,'P1',10,0),(972,'P2',10,0),(973,'P3',10,0),(974,'P4',10,0),(975,'P5',10,0),(976,'SS',10,0),(977,'SS',10,0),(978,'P1',10,0),(979,'P2',10,0),(980,'P3',10,0),(981,'P4',10,0),(982,'P5',10,0),(983,'SS',10,0),(984,'SS',10,0),(985,'P1',10,0),(986,'P2',10,0),(987,'P3',10,0),(988,'P4',10,0),(989,'P5',10,0),(990,'SS',10,0),(991,'SS',10,0),(992,'P1',10,0),(993,'P2',10,0),(994,'P3',10,0),(995,'P4',10,0),(996,'P5',10,0),(997,'SS',10,0),(998,'SS',10,0),(999,'P1',10,0),(1000,'P2',10,0),(1001,'P3',10,0),(1002,'P4',10,0),(1003,'P5',10,0),(1004,'SS',10,0),(1005,'SS',10,0),(1006,'P1',10,0),(1007,'P2',10,0),(1008,'P3',10,0),(1009,'P4',10,0),(1010,'P5',10,0),(1011,'SS',10,0),(1012,'SS',10,0),(1013,'P1',10,0),(1014,'P2',10,0),(1015,'P3',10,0),(1016,'P4',10,0),(1017,'P5',10,0),(1018,'SS',10,0),(1019,'SS',10,0),(1020,'P1',10,0),(1021,'P2',10,0),(1022,'P3',10,0),(1023,'P4',10,0),(1024,'P5',10,0),(1025,'SS',10,0),(1026,'SS',10,0),(1027,'P1',10,0),(1028,'P2',10,0),(1029,'P3',10,0),(1030,'P4',10,0),(1031,'P5',10,0),(1032,'SS',10,0),(1033,'SS',10,0),(1034,'P1',10,0),(1035,'P2',10,0),(1036,'P3',10,0),(1037,'P4',10,0),(1038,'P5',10,0),(1039,'SS',10,0),(1040,'SS',10,0),(1041,'P1',10,0),(1042,'P2',10,0),(1043,'P3',10,0),(1044,'P4',10,0),(1045,'P5',10,0),(1046,'SS',10,0),(1047,'SS',10,0),(1048,'P1',10,0),(1049,'P2',10,0),(1050,'P3',10,0),(1051,'P4',10,0),(1052,'P5',10,0),(1053,'SS',10,0),(1054,'SS',10,0),(1055,'P1',10,0),(1056,'P2',10,0),(1057,'P3',10,0),(1058,'P4',10,0),(1059,'P5',10,0),(1060,'SS',10,0),(1061,'SS',10,0),(1062,'P1',10,0),(1063,'P2',10,0),(1064,'P3',10,0),(1065,'P4',10,0),(1066,'P5',10,0),(1067,'SS',10,0),(1068,'SS',10,0),(1069,'P1',10,0),(1070,'P2',10,0),(1071,'P3',10,0),(1072,'P4',10,0),(1073,'P5',10,0),(1074,'SS',10,0),(1075,'SS',10,0),(1076,'P1',10,0),(1077,'P2',10,0),(1078,'P3',10,0),(1079,'P4',10,0),(1080,'P5',10,0),(1081,'SS',10,0),(1082,'SS',10,0),(1083,'P1',10,0),(1084,'P2',10,0),(1085,'P3',10,0),(1086,'P4',10,0),(1087,'P5',10,0),(1088,'SS',10,0),(1089,'SS',10,0),(1090,'P1',10,0),(1091,'P2',10,0),(1092,'P3',10,0),(1093,'P4',10,0),(1094,'P5',10,0),(1095,'SS',10,0),(1096,'SS',10,0),(1097,'P1',10,0),(1098,'P2',10,0),(1099,'P3',10,0),(1100,'P4',10,0),(1101,'P5',10,0),(1102,'SS',10,0),(1103,'SS',10,0),(1104,'P1',10,0),(1105,'P2',10,0),(1106,'P3',10,0),(1107,'P4',10,0),(1108,'P5',10,0),(1109,'SS',10,0),(1110,'SS',10,0),(1111,'P1',10,0),(1112,'P2',10,0),(1113,'P3',10,0),(1114,'P4',10,0),(1115,'P5',10,0),(1116,'SS',10,0),(1117,'SS',10,0),(1118,'P1',10,0),(1119,'P2',10,0),(1120,'P3',10,0),(1121,'P4',10,0),(1122,'P5',10,0),(1123,'SS',10,0),(1124,'SS',10,0),(1125,'P1',10,0),(1126,'P2',10,0),(1127,'P3',10,0),(1128,'P4',10,0),(1129,'P5',10,0),(1130,'SS',10,0),(1131,'SS',10,0),(1132,'P1',10,0),(1133,'P2',10,0),(1134,'P3',10,0),(1135,'P4',10,0),(1136,'P5',10,0),(1137,'SS',10,0),(1138,'SS',10,0),(1139,'P1',10,0),(1140,'P2',10,0),(1141,'P3',10,0),(1142,'P4',10,0),(1143,'P5',10,0),(1144,'SS',10,0),(1145,'SS',10,0),(1146,'P1',10,0),(1147,'P2',10,0),(1148,'P3',10,0),(1149,'P4',10,0),(1150,'P5',10,0),(1151,'SS',10,0),(1152,'SS',10,0),(1153,'P1',10,0),(1154,'P2',10,0),(1155,'P3',10,0),(1156,'P4',10,0),(1157,'P5',10,0),(1158,'SS',10,0),(1159,'SS',10,0),(1160,'P1',10,0),(1161,'P2',10,0),(1162,'P3',10,0),(1163,'P4',10,0),(1164,'P5',10,0),(1165,'SS',10,0),(1166,'SS',10,0),(1167,'P1',10,0),(1168,'P2',10,0),(1169,'P3',10,0),(1170,'P4',10,0),(1171,'P5',10,0),(1172,'SS',10,0),(1173,'SS',10,0),(1174,'P1',10,0),(1175,'P2',10,0),(1176,'P3',10,0),(1177,'P4',10,0),(1178,'P5',10,0),(1179,'SS',10,0),(1180,'SS',10,0),(1181,'P1',10,0),(1182,'P2',10,0),(1183,'P3',10,0),(1184,'P4',10,0),(1185,'P5',10,0),(1186,'SS',10,0),(1187,'SS',10,0),(1188,'P1',10,0),(1189,'P2',10,0),(1190,'P3',10,0),(1191,'P4',10,0),(1192,'P5',10,0),(1193,'SS',10,0),(1194,'SS',10,0),(1195,'P1',10,0),(1196,'P2',10,0),(1197,'P3',10,0),(1198,'P4',10,0),(1199,'P5',10,0),(1200,'SS',10,0),(1201,'SS',10,0),(1202,'P1',10,0),(1203,'P2',10,0),(1204,'P3',10,0),(1205,'P4',10,0),(1206,'P5',10,0),(1207,'SS',10,0),(1208,'SS',10,0),(1209,'P1',10,0),(1210,'P2',10,0),(1211,'P3',10,0),(1212,'P4',10,0),(1213,'P5',10,0),(1214,'SS',10,0),(1215,'SS',10,0),(1216,'P1',10,0),(1217,'P2',10,0),(1218,'P3',10,0),(1219,'P4',10,0),(1220,'P5',10,0),(1221,'SS',10,0),(1222,'SS',10,0),(1223,'P1',10,0),(1224,'P2',10,0),(1225,'P3',10,0),(1226,'P4',10,0),(1227,'P5',10,0),(1228,'SS',10,0),(1229,'SS',10,0),(1230,'P1',10,0),(1231,'P2',10,0),(1232,'P3',10,0),(1233,'P4',10,0),(1234,'P5',10,0),(1235,'SS',10,0),(1236,'SS',10,0),(1237,'P1',10,0),(1238,'P2',10,0),(1239,'P3',10,0),(1240,'P4',10,0),(1241,'P5',10,0),(1242,'SS',10,0),(1243,'SS',10,0),(1244,'P1',10,0),(1245,'P2',10,0),(1246,'P3',10,0),(1247,'P4',10,0),(1248,'P5',10,0),(1249,'SS',10,0),(1250,'SS',10,0),(1251,'P1',10,0),(1252,'P2',10,0),(1253,'P3',10,0),(1254,'P4',10,0),(1255,'P5',10,0),(1256,'SS',10,0),(1257,'SS',10,0),(1258,'P1',10,0),(1259,'P2',10,0),(1260,'P3',10,0),(1261,'P4',10,0),(1262,'P5',10,0),(1263,'SS',10,0),(1264,'SS',10,0),(1265,'P1',10,0),(1266,'P2',10,0),(1267,'P3',10,0),(1268,'P4',10,0),(1269,'P5',10,0),(1270,'SS',10,0),(1271,'SS',10,0),(1272,'P1',10,0),(1273,'P2',10,0),(1274,'P3',10,0),(1275,'P4',10,0),(1276,'P5',10,0),(1277,'SS',10,0),(1278,'SS',10,0),(1279,'P1',10,0),(1280,'P2',10,0),(1281,'P3',10,0),(1282,'P4',10,0),(1283,'P5',10,0),(1284,'SS',10,0),(1285,'SS',10,0),(1286,'P1',10,0),(1287,'P2',10,0),(1288,'P3',10,0),(1289,'P4',10,0),(1290,'P5',10,0),(1291,'SS',10,0),(1292,'SS',10,0),(1293,'P1',10,0),(1294,'P2',10,0),(1295,'P3',10,0),(1296,'P4',10,0),(1297,'P5',10,0),(1298,'SS',10,0),(1299,'SS',10,0),(1300,'P1',10,0),(1301,'P2',10,0),(1302,'P3',10,0),(1303,'P4',10,0),(1304,'P5',10,0),(1305,'SS',10,0),(1306,'SS',10,0),(1307,'P1',10,0),(1308,'P2',10,0),(1309,'P3',10,0),(1310,'P4',10,0),(1311,'P5',10,0),(1312,'SS',10,0),(1313,'SS',10,0),(1314,'P1',10,0),(1315,'P2',10,0),(1316,'P3',10,0),(1317,'P4',10,0),(1318,'P5',10,0),(1319,'SS',10,0),(1320,'SS',10,0),(1321,'P1',10,0),(1322,'P2',10,0),(1323,'P3',10,0),(1324,'P4',10,0),(1325,'P5',10,0),(1326,'SS',10,0),(1327,'SS',10,0),(1328,'P1',10,0),(1329,'P2',10,0),(1330,'P3',10,0),(1331,'P4',10,0),(1332,'P5',10,0),(1333,'SS',10,0),(1334,'SS',10,0),(1335,'P1',10,0),(1336,'P2',10,0),(1337,'P3',10,0),(1338,'P4',10,0),(1339,'P5',10,0),(1340,'SS',10,0),(1341,'SS',10,0),(1342,'P1',10,0),(1343,'P2',10,0),(1344,'P3',10,0),(1345,'P4',10,0),(1346,'P5',10,0),(1347,'SS',10,0),(1348,'SS',10,0),(1349,'P1',10,0),(1350,'P2',10,0),(1351,'P3',10,0),(1352,'P4',10,0),(1353,'P5',10,0),(1354,'SS',10,0),(1355,'SS',10,0),(1356,'P1',10,0),(1357,'P2',10,0),(1358,'P3',10,0),(1359,'P4',10,0),(1360,'P5',10,0),(1361,'SS',10,0),(1362,'SS',10,0),(1363,'P1',10,0),(1364,'P2',10,0),(1365,'P3',10,0),(1366,'P4',10,0),(1367,'P5',10,0),(1368,'SS',10,0),(1369,'SS',10,0),(1370,'P1',10,0),(1371,'P2',10,0),(1372,'P3',10,0),(1373,'P4',10,0),(1374,'P5',10,0),(1375,'SS',10,0),(1376,'SS',10,0),(1377,'P1',10,0),(1378,'P2',10,0),(1379,'P3',10,0),(1380,'P4',10,0),(1381,'P5',10,0),(1382,'SS',10,0),(1383,'SS',10,0),(1384,'P1',10,0),(1385,'P2',10,0),(1386,'P3',10,0),(1387,'P4',10,0),(1388,'P5',10,0),(1389,'SS',10,0),(1390,'SS',10,0),(1391,'P1',10,0),(1392,'P2',10,0),(1393,'P3',10,0),(1394,'P4',10,0),(1395,'P5',10,0),(1396,'SS',10,0),(1397,'SS',10,0),(1398,'P1',10,0),(1399,'P2',10,0),(1400,'P3',10,0),(1401,'P4',10,0),(1402,'P5',10,0),(1403,'SS',10,0),(1404,'SS',10,0),(1405,'P1',10,0),(1406,'P2',10,0),(1407,'P3',10,0),(1408,'P4',10,0),(1409,'P5',10,0),(1410,'SS',10,0),(1411,'SS',10,0),(1412,'P1',10,0),(1413,'P2',10,0),(1414,'P3',10,0),(1415,'P4',10,0),(1416,'P5',10,0),(1417,'SS',10,0),(1418,'SS',10,0),(1419,'P1',10,0),(1420,'P2',10,0),(1421,'P3',10,0),(1422,'P4',10,0),(1423,'P5',10,0),(1424,'SS',10,0),(1425,'SS',10,0),(1426,'P1',10,0),(1427,'P2',10,0),(1428,'P3',10,0),(1429,'P4',10,0),(1430,'P5',10,0),(1431,'SS',10,0),(1432,'SS',10,0),(1433,'P1',10,0),(1434,'P2',10,0),(1435,'P3',10,0),(1436,'P4',10,0),(1437,'P5',10,0),(1438,'SS',10,0),(1439,'SS',10,0),(1440,'P1',10,0),(1441,'P2',10,0),(1442,'P3',10,0),(1443,'P4',10,0),(1444,'P5',10,0),(1445,'SS',10,0),(1446,'SS',10,0),(1447,'P1',10,0),(1448,'P2',10,0),(1449,'P3',10,0),(1450,'P4',10,0),(1451,'P5',10,0),(1452,'SS',10,0),(1453,'SS',10,0),(1454,'P1',10,0),(1455,'P2',10,0),(1456,'P3',10,0),(1457,'P4',10,0),(1458,'P5',10,0),(1459,'SS',10,0),(1460,'SS',10,0),(1461,'P1',10,0),(1462,'P2',10,0),(1463,'P3',10,0),(1464,'P4',10,0),(1465,'P5',10,0),(1466,'SS',10,0),(1467,'SS',10,0),(1468,'P1',10,0),(1469,'P2',10,0),(1470,'P3',10,0),(1471,'P4',10,0),(1472,'P5',10,0),(1473,'SS',10,0),(1474,'SS',10,0),(1475,'P1',10,0),(1476,'P2',10,0),(1477,'P3',10,0),(1478,'P4',10,0),(1479,'P5',10,0),(1480,'SS',10,0),(1481,'SS',10,0),(1482,'P1',10,0),(1483,'P2',10,0),(1484,'P3',10,0),(1485,'P4',10,0),(1486,'P5',10,0),(1487,'SS',10,0),(1488,'SS',10,0),(1489,'P1',10,0),(1490,'P2',10,0),(1491,'P3',10,0),(1492,'P4',10,0),(1493,'P5',10,0),(1494,'SS',10,0),(1495,'SS',10,0),(1496,'P1',10,0),(1497,'P2',10,0),(1498,'P3',10,0),(1499,'P4',10,0),(1500,'P5',10,0),(1501,'SS',10,0),(1502,'SS',10,0),(1503,'P1',10,0),(1504,'P2',10,0),(1505,'P3',10,0),(1506,'P4',10,0),(1507,'P5',10,0),(1508,'SS',10,0),(1509,'SS',10,0),(1510,'P1',10,0),(1511,'P2',10,0),(1512,'P3',10,0),(1513,'P4',10,0),(1514,'P5',10,0),(1515,'SS',10,0),(1516,'SS',10,0),(1517,'P1',10,0),(1518,'P2',10,0),(1519,'P3',10,0),(1520,'P4',10,0),(1521,'P5',10,0),(1522,'SS',10,0),(1523,'SS',10,0),(1524,'P1',10,0),(1525,'P2',10,0),(1526,'P3',10,0),(1527,'P4',10,0),(1528,'P5',10,0),(1529,'SS',10,0),(1530,'SS',10,0),(1531,'P1',10,0),(1532,'P2',10,0),(1533,'P3',10,0),(1534,'P4',10,0),(1535,'P5',10,0),(1536,'SS',10,0),(1537,'SS',10,0),(1538,'P1',10,0),(1539,'P2',10,0),(1540,'P3',10,0),(1541,'P4',10,0),(1542,'P5',10,0),(1543,'SS',10,0),(1544,'SS',10,0),(1545,'P1',10,0),(1546,'P2',10,0),(1547,'P3',10,0),(1548,'P4',10,0),(1549,'P5',10,0),(1550,'SS',10,0),(1551,'SS',10,0),(1552,'P1',10,0),(1553,'P2',10,0),(1554,'P3',10,0),(1555,'P4',10,0),(1556,'P5',10,0),(1557,'SS',10,0),(1558,'SS',10,0),(1559,'P1',10,0),(1560,'P2',10,0),(1561,'P3',10,0),(1562,'P4',10,0),(1563,'P5',10,0),(1564,'SS',10,0),(1565,'SS',10,0),(1566,'P1',10,0),(1567,'P2',10,0),(1568,'P3',10,0),(1569,'P4',10,0),(1570,'P5',10,0),(1571,'SS',10,0),(1572,'SS',10,0),(1573,'P1',10,0),(1574,'P2',10,0),(1575,'P3',10,0),(1576,'P4',10,0),(1577,'P5',10,0),(1578,'SS',10,0),(1579,'SS',10,0),(1580,'P1',10,0),(1581,'P2',10,0),(1582,'P3',10,0),(1583,'P4',10,0),(1584,'P5',10,0),(1585,'SS',10,0),(1586,'SS',10,0),(1587,'P1',10,0),(1588,'P2',10,0),(1589,'P3',10,0),(1590,'P4',10,0),(1591,'P5',10,0),(1592,'SS',10,0),(1593,'SS',10,0),(1594,'P1',10,0),(1595,'P2',10,0),(1596,'P3',10,0),(1597,'P4',10,0),(1598,'P5',10,0),(1599,'SS',10,0),(1600,'SS',10,0),(1601,'P1',10,0),(1602,'P2',10,0),(1603,'P3',10,0),(1604,'P4',10,0),(1605,'P5',10,0),(1606,'SS',10,0),(1607,'SS',10,0),(1608,'P1',10,0),(1609,'P2',10,0),(1610,'P3',10,0),(1611,'P4',10,0),(1612,'P5',10,0),(1613,'SS',10,0),(1614,'SS',10,0),(1615,'P1',10,0),(1616,'P2',10,0),(1617,'P3',10,0),(1618,'P4',10,0),(1619,'P5',10,0),(1620,'SS',10,0),(1621,'SS',10,0),(1622,'P1',10,0),(1623,'P2',10,0),(1624,'P3',10,0),(1625,'P4',10,0),(1626,'P5',10,0),(1627,'SS',10,0),(1628,'SS',10,0);
/*!40000 ALTER TABLE `Effort` ENABLE KEYS */;
UNLOCK TABLES;
/*!40103 SET TIME_ZONE=@OLD_TIME_ZONE */;

/*!40101 SET SQL_MODE=@OLD_SQL_MODE */;
/*!40014 SET FOREIGN_KEY_CHECKS=@OLD_FOREIGN_KEY_CHECKS */;
/*!40014 SET UNIQUE_CHECKS=@OLD_UNIQUE_CHECKS */;
/*!40101 SET CHARACTER_SET_CLIENT=@OLD_CHARACTER_SET_CLIENT */;
/*!40101 SET CHARACTER_SET_RESULTS=@OLD_CHARACTER_SET_RESULTS */;
/*!40101 SET COLLATION_CONNECTION=@OLD_COLLATION_CONNECTION */;
/*!40111 SET SQL_NOTES=@OLD_SQL_NOTES */;

-- Dump completed on 2014-04-07 23:45:18
